ID,Name,Shipping Address State,Product Purchased,Order Number,Date of Purchase,Quantity of Item Purchased,Price paid per item
996,Jane Nienow,Virginia,White backpack with blue and red accents,ID0846,3/20/19,1,59
945,Josie Denesik,Hawaii,Black messenger bag with white accents,ID8724,3/5/19,1,78
946,Sonya Armstrong,South Dakota,Black duffle bag with tan straps,ID7597,3/19/19,5,46
269,Lenna Johns,Iowa,Black messenger bag with white accents,ID7586,3/8/19,2,43
105,Erica Feest,Idaho,Black rolling travel bag,ID6818,3/26/19,2,58
964,Elouise Schmidt PhD,Delaware,Plain blue backpack,ID0750,3/2/19,7,88
570,No Info,Oregon,No Info,No Info,171819,4,54
14,Mrs. Kyle Hahn,Nebraska,White rolling travel bag,ID8109,3/16/19,1,64
279,Ms. Leta Russel,California,Plain blue backpack,ID4695,3/3/19,7,28
778,Jacquelyn McDermott,California,Small dark blue messenger bag,ID4664,3/11/19,3,67
809,Pattie Doyle,Nevada,Blue rolling travel bag,ID8531,3/25/19,3,42
35,Brady Walter,Wyoming,Yellow polka dot backpack,ID0341,3/8/19,3,75
454,Ervin Schimmel,Oklahoma,Dark grey flat backpack,ID5231,3/17/19,8,30
509,Palma Gaylord,Kansas,Dark grey flat backpack,ID4041,3/26/19,6,35
889,Paris Hessel,South Carolina,Yellow polka dot backpack,ID1444,3/28/19,6,82
895,Ethel Herman,Wisconsin,Heather grey messenger bag,ID4273,3/27/19,6,73
641,Waldo Goodwin,Kansas,Blue rolling travel bag,ID0044,3/8/19,6,87
212,Hortense Christiansen,Georgia,Heather grey pouch with black polka dots,ID5584,3/25/19,8,55
265,Gabe Trantow Jr.,Wisconsin,White rolling travel bag,ID1677,3/13/19,7,88
346,Kiera Denesik,New York,Large dark blue tote,ID9077,3/17/19,8,40
738,Thelma Williamson,Rhode Island,White backpack with blue and red accents,ID7243,3/23/19,2,49
574,Arden Denesik,Maine,Black duffle bag with tan straps,ID8977,3/28/19,2,70
194,Sonya Legros,Alabama,Large baby blue tote,ID4310,3/1/19,7,69
409,Elnora Jaskolski,Rhode Island,Heather grey messenger bag,ID3169,3/4/19,4,57
619,Ray Bashirian,Ohio,White backpack with blue and red accents,ID2456,3/26/19,2,45
912,Daphnee McClure,Maine,Small dark blue messenger bag,ID1908,3/10/19,4,66
188,Casper Kuvalis,Florida,Black duffle bag with tan straps,ID6974,3/18/19,8,70
686,Pablo Connelly,Massachusetts,Large dark blue tote,ID0592,3/27/19,8,54
469,Madonna Botsford,Utah,Blue round-shaped duffle bag,ID2955,3/16/19,4,70
842,Leslie Glover,Pennsylvania,47,ID5761,3/19/19,7,47
345,Natalie Ernser,Delaware,Small dark blue messenger bag,ID0810,3/16/19,8,80
48,Miss Mozelle Braun,Illinois,Heather grey messenger bag,ID3837,3/2/19,7,42
233,Khalid Borer,Arkansas,White rolling travel bag,ID5571,3/27/19,5,40
78,Geovany Will,New York,Yellow polka dot backpack,ID5833,3/18/19,7,47
479,Destiny Johnston,Tennessee,Heather grey messenger bag,ID6648,3/21/19,5,76
30,Jennyfer Breitenberg,Arkansas,Black rolling travel bag,ID8606,3/11/19,6,46
613,Toy Littel,Nevada,White and pink striped pouch,ID1192,3/8/19,7,54
794,Emelie Osinski DDS,Oregon,Small dark blue messenger bag,ID9380,3/7/19,4,66
383,Dakota Raynor,Nebraska,Black duffle bag with tan straps,ID3151,3/15/19,5,38
216,Ms. Zack Smith,California,Blue rolling travel bag,ID9104,3/4/19,5,48
102,Alena Bayer,Idaho,White tote with a blue beach pattern,ID7269,3/15/19,3,49
64,Marta Marvin,Utah,White duffle bag,ID5546,3/18/19,3,79
463,Creola VonRueden Sr.,North Carolina,Heather grey messenger bag,ID1326,3/23/19,7,43
955,Kendra Heller,Ohio,Black leather pouch,ID4584,3/16/19,8,46
5,Eldon Little,Idaho,Black leather pouch,ID8138,3/28/19,3,35
898,Gerard Konopelski,Arizona,Large dark blue tote,ID1420,3/19/19,3,83
520,Rebekah Hickle,New York,Plain blue backpack,ID2911,3/23/19,1,55
177,Jakob Emmerich,Tennessee,Black messenger bag with white accents,ID1972,3/13/19,7,53
83,No Info,Alabama,23,ID7910,3/25/19,12345,38
184,Scottie Cole,Arkansas,Black duffle bag with tan straps,ID4049,3/28/19,1,43
322,Florida,Pennsylvania,Black messenger bag with white accents,ID7788,3/1/19,7,62
493,Mr. Anjali Pouros,Mississippi,White backpack with blue and red accents,ID5311,3/14/19,4,88
812,Miss Ebba Cartwright,Delaware,Black messenger bag with white accents,ID6457,3/10/19,8,69
603,Kale McCullough,New York,B7ack L3ath^r,XXXXX,3/15/19,4,Kale
691,Norwood McClure,Massachusetts,Large baby blue tote,ID5386,3/20/19,4,45
22,Ms. Gregorio Nienow,California,Large dark blue tote,ID5833,3/13/19,1,71
832,Bria Gibson II,South Carolina,Small dark blue messenger bag,ID3969,3/20/19,7,83
973,Emilie Jaskolski,Delaware,Black duffle bag with tan straps,ID7147,3/11/19,1,80
288,Mrs. Elijah Zemlak,North Carolina,White and pink striped pouch,ID7306,3/3/19,7,42
435,Anastasia Gulgowski II,Nebraska,Black duffle bag with tan straps,ID9269,3/9/19,6,31
986,Vivian Hagenes,Vermont,Black duffle bag with tan straps,ID5526,3/24/19,7,54
422,Chasity Howell V,Pennsylvania,White rolling travel bag,ID2604,3/3/19,6,69
744,Shakira King,Colorado,Large baby blue tote,ID9236,3/7/19,6,40
757,Miss Reanna Corwin,New Jersey,Blue round-shaped duffle bag,ID6528,3/6/19,6,49
678,Thomas Lindgren,Arizona,Black leather pouch,ID7045,3/17/19,8,39
261,Miss Norma Bode,Michigan,Orange leather pouch,ID1350,3/18/19,7,67
88,Dr. Kennedy Kerluke,North Dakota,Dark grey flat backpack,ID3307,3/29/19,3,81
82,Logan Douglas,Pennsylvania,Heather grey messenger bag,ID6429,3/17/19,8,49
916,Gloria Hessel,Mississippi,Pink tote with blue straps and a floral pattern,ID1584,3/24/19,2,75
343,Abdiel Romaguera,Maine,Large baby blue tote,ID6168,3/17/19,4,69
766,Cale Batz DDS,Oregon,White and pink striped pouch,ID4710,3/19/19,3,54
597,Jovan Vandervort,New Hampshire,Heather grey messenger bag,ID3687,3/11/19,2,34
158,Davion Emard,Rhode Island,Dark grey flat backpack,ID5195,3/18/19,1,32
901,Alfreda Koss,Montana,Heather grey messenger bag,ID4613,3/27/19,4,41
36,Gay McDermott,Texas,Large dark blue tote,ID8864,3/13/19,7,54
297,Lemuel Waters,Vermont,Black duffle bag with tan straps,ID3508,3/21/19,8,55
408,Fermin Lang,Utah,Large baby blue tote,ID6156,10/10/17,3,26
791,Mr. Carmine Morar,Nebraska,Yellow polka dot backpack,ID9002,3/28/19,6,37
605,John Will,Arizona,White rolling travel bag,ID8475,3/16/19,2,42
565,Webster Beer,Michigan,Heather grey pouch with black polka dots,ID5137,3/30/19,6,31
876,Otilia Medhurst,Delaware,Yellow polka dot backpack,ID3201,3/24/19,4,52
814,Pennsylvania,Minnesota,Small dark blue messenger bag,ID0670,3/5/19,3/5/19,"""&"
553,Anjali Berge I,Texas,White rolling travel bag,ID3907,3/13/19,2,42
816,Domenico Bergnaum,Delaware,Large dark blue tote,ID4067,3/6/19,1,75
445,Germaine Kling,Michigan,White backpack with blue and red accents,ID1966,3/20/19,5,37
501,Kadin Predovic,Idaho,White and pink striped pouch,ID2769,3/7/19,8,33
731,Skye Boehm PhD,West Virginia,Pink tote with blue straps and a floral pattern,ID8332,3/25/19,8,32
86,Reinhold Padberg,New York,White rolling travel bag,ID5763,3/5/19,6,87
419,Angeline Corwin,Oklahoma,Heather grey messenger bag,ID2830,3/24/19,4,86
226,Yasmine Hoeger,Washington,Small dark blue messenger bag,ID6453,3/13/19,4,33
804,Barton Renner,Mississippi,Yellow polka dot backpack,ID0246,3/2/19,3,52
910,Talia Simonis,Vermont,Plain blue backpack,ID5946,3/19/19,4,54
371,Florencio Will V,West Virginia,Blue round-shaped duffle bag,ID3526,3/13/19,8,57
715,Ms. Genevieve Beatty,Florida,White tote with a blue beach pattern,ID2185,3/29/19,2,56
1000,Jerrod Jerde,Pennsylvania,Orange leather pouch,ID5465,3/23/19,6,29
186,Tristin Wiegand,New Mexico,White backpack with blue and red accents,ID6445,3/28/19,2,44
456,Laurence Gottlieb DDS,Colorado,Yellow polka dot backpack,ID1295,3/5/19,3,66
940,Dr. Iliana Kiehn,Nevada,Pink tote with blue straps and a floral pattern,ID3175,3/27/19,8,46
146,Eleazar Ryan,Idaho,Orange leather pouch,ID9395,3/28/19,5,56
795,Agnes Hilpert II,Mississippi,Heather grey messenger bag,ID9359,3/17/19,4,85
790,New York,Indiana,Dark grey flat backpack,ID0892,3/24/19,2,82
121,Daren Kuvalis,Massachusetts,Black duffle bag with tan straps,ID0598,3/14/19,6,87
507,Margret Altenwerth,Colorado,Black rolling travel bag,ID8318,3/21/19,5,72
159,Elvera Rutherford,Delaware,Pink tote with blue straps and a floral pattern,ID1934,3/26/19,6,47
879,Trevion Wintheiser,Pennsylvania,Blue round-shaped duffle bag,ID9935,3/23/19,2,85
663,Caden Simonis DDS,North Dakota,Large dark blue tote,ID9369,3/19/19,8,64
637,Mr. Dannie Lockman,Missouri,Heather grey messenger bag,ID7603,3/4/19,8,65
709,Zachery Bashirian,Tennessee,Heather grey pouch with black polka dots,ID6450,3/15/19,8,74
702,Miss Edwina Braun,Louisiana,White rolling travel bag,ID8949,3/10/19,3,50
361,Adan Lindgren,Utah,White rolling travel bag,ID1366,3/15/19,6,63
304,Concepcion Nikolaus,Alabama,Yellow polka dot backpack,ID2089,3/3/19,2,43
971,Dawson Feil,California,Yellow polka dot backpack,ID7016,3/8/19,4,28
497,Devyn Lowe,Montana,Orange leather pouch,ID3474,3/23/19,8,78
464,Efrain Conn,Arizona,Black leather pouch,ID9359,3/14/19,1,51
798,Damian Flatley,Idaho,White duffle bag,ID8303,3/5/19,4,68
128,Dennis Feil,Indiana,Black duffle bag with tan straps,ID9126,3/3/19,1,39
200,Johnny Sanford II,Minnesota,Black rolling travel bag,ID9947,3/24/19,5,45
988,Dr. Tracy Ankunding,Missouri,White backpack with blue and red accents,ID2077,3/7/19,8,41
807,Favian Predovic,Delaware,Blue rolling travel bag,ID4095,3/21/19,1,41
514,Moises Bednar PhD,Washington,Pink tote with blue straps and a floral pattern,ID1038,3/22/19,7,86
748,Braulio Gorczany I,Delaware,Plain blue backpack,ID4679,3/23/19,4,47
861,Ambrose Hodkiewicz DVM,Mississippi,Orange leather pouch,ID0758,3/5/19,4,58
373,Juliana Reynolds,Tennessee,White and pink striped pouch,ID0300,3/21/19,3,79
127,Alisa Roob,Arkansas,Blue rolling travel bag,ID4503,3/23/19,8,62
975,Emmitt Grimes,Maryland,White and pink striped pouch,ID3402,3/21/19,7,34
552,Taurean Grant,Alaska,Orange leather pouch,ID5442,3/7/19,6,74
758,Veda Fay,Wyoming,White rolling travel bag,ID8436,3/29/19,3,48
160,Mrs. Abdiel Bins,Tennessee,Large baby blue tote,ID8320,3/22/19,2,30
600,Renee Gutmann,New Jersey,White rolling travel bag,ID9229,3/13/19,6,73
292,Sandy Gerlach,Tennessee,Plain blue backpack,ID1911,3/30/19,5,52
985,Chase Hickle,Utah,Blue rolling travel bag,ID8548,3/18/19,6,72
474,Bianka Langworth,Hawaii,Yellow polka dot backpack,ID8457,3/19/19,3,59
518,Misty Feest,Idaho,Dark grey flat backpack,ID3765,3/3/19,4,43
348,Maynard Nienow,South Dakota,Large baby blue tote,ID8393,3/10/19,3,65
737,Hoyt Crist V,Missouri,Blue round-shaped duffle bag,ID5590,3/23/19,8,29
27,Eugenia Yost,Alabama,Plain blue backpack,ID5626,3/12/19,2,53
868,Deondre Kutch,Michigan,Black leather pouch,ID7841,3/6/19,4,68
765,Rodger West PhD,Maine,Pink tote with blue straps and a floral pattern,ID4148,3/26/19,5,72
615,Mr. Abraham Barton,Nebraska,Large dark blue tote,ID2032,3/15/19,6,52
545,Mrs. Evalyn Maggio,Kansas,Plain blue backpack,ID4084,3/16/19,6,29
337,Kenneth Kuhlman,Michigan,Black rolling travel bag,ID9003,3/18/19,8,51
759,Lucius Cummings,Illinois,Lucius Cummings,Illinois,3/2/19,7,56
752,Delpha Altenwerth,Idaho,Orange leather pouch,ID2390,3/4/19,8,56
582,Rubie Luettgen,Arizona,Black rolling travel bag,ID3251,3/20/19,7,75
883,Otilia Senger,South Dakota,Black rolling travel bag,ID4345,3/3/19,7,60
734,Dr. Royce Walsh,Montana,Yellow polka dot backpack,ID8686,3/13/19,7,39
311,Ms. Hassan Feeney,California,Yellow polka dot backpack,ID6215,3/5/19,4,59
894,Katharina Bergstrom,North Carolina,Black leather pouch,ID7952,3/30/19,5,29
958,Cameron Dietrich,New Hampshire,Blue round-shaped duffle bag,ID3545,3/1/19,8,82
51,Linnie Cronin,Vermont,White tote with a blue beach pattern,ID2596,3/23/19,2,45
113,Abner Lehner,North Dakota,Black leather pouch,ID6824,3/8/19,7,28
522,Tyrese Jakubowski,Iowa,Pink tote with blue straps and a floral pattern,ID1134,3/22/19,4,51
584,Darius Kuhic,Hawaii,Black messenger bag with white accents,ID4507,3/14/19,2,38
680,Schuyler Ruecker,Montana,Pink tote with blue straps and a floral pattern,ID0024,3/26/19,2,58
950,Alec Bergnaum,Virginia,Black messenger bag with white accents,ID9514,3/13/19,7,31
70,Maye Schneider,Texas,White and pink striped pouch,ID4575,3/1/19,7,56
136,Elaina Runolfsdottir IV,Oklahoma,Plain blue backpack,ID7427,3/1/19,8,34
104,Deonte Schiller,Georgia,Blue round-shaped duffle bag,ID6579,3/10/19,8,87
196,Glenna Mueller,Wyoming,Black leather pouch,ID3575,3/5/19,3,57
355,Elenora Weissnat,Illinois,White and pink striped pouch,ID0439,3/7/19,8,39
338,Ms. Ellen Funk,South Carolina,Large baby blue tote,ID0100,3/12/19,6,80
607,Bernice Schiller,Washington,Black leather pouch,ID5360,3/4/19,4,32
255,Domenick Auer,Virginia,Heather grey pouch with black polka dots,ID8289,3/13/19,3,56
569,Francesca Metz Sr.,Maine,Black rolling travel bag,ID8746,3/5/19,5,82
833,Keon Heathcote Sr.,New York,White and pink striped pouch,ID6226,3/30/19,8,88
436,Giles Torp,Oklahoma,Small dark blue messenger bag,ID4902,3/3/19,6,42
699,Cornell Pfeffer,Oklahoma,Large baby blue tote,ID7364,3/6/19,8,31
63,Lorenza McKenzie,Arkansas,White rolling travel bag,ID9833,3/10/19,1,35
353,Rosella Erdman Jr.,Oregon,Yellow polka dot backpack,ID7595,3/27/19,4,75
259,Grady Kunze,Georgia,Large baby blue tote,ID9561,3/4/19,1,32
823,Miss Carissa Konopelski,Oklahoma,Heather grey pouch with black polka dots,ID1312,3/3/19,5,67
874,Grayson Ankunding Jr.,Pennsylvania,Dark grey flat backpack,ID8949,3/28/19,8,84
171,Magali Kirlin,Virginia,Yellow polka dot backpack,ID5008,3/17/19,8,82
824,Jamal Macejkovic,Maryland,Yellow polka dot backpack,ID2111,3/14/19,8,68
286,Cristobal Hamill DVM,Montana,Blue round-shaped duffle bag,ID6708,3/10/19,2,64
899,Eda Schuster,Maryland,Yellow polka dot backpack,ID2085,3/12/19,1,30
611,Trey Jast,New Jersey,Blue rolling travel bag,ID5686,3/1/19,7,46
793,Miss Queenie Dare,New Mexico,Pink tote with blue straps and a floral pattern,ID5644,3/21/19,7,82
46,Julia Koch,Colorado,White rolling travel bag,ID1263,3/14/19,7,79
829,Miss Lindsay McClure,Minnesota,White rolling travel bag,ID4159,3/1/19,8,27
990,Jennifer Mitchell II,Alabama,Small dark blue messenger bag,ID1505,3/23/19,6,26
252,Sarai Wehner,New Jersey,Black messenger bag with white accents,ID6463,3/8/19,1,44
305,Helmer Anderson,South Dakota,Orange leather pouch,ID0886,3/7/19,7,73
989,Serena Mitchell III,Tennessee,Heather grey messenger bag,ID7381,3/7/19,4,69
53,Alvina Koepp,Iowa,White backpack with blue and red accents,ID0865,3/25/19,6,60
529,Dr. Emmalee Wyman,Georgia,Small dark blue messenger bag,ID5314,3/28/19,2,66
174,Jennyfer McCullough,Maine,Large dark blue tote,ID9002,3/10/19,3,43
362,Allen Graham,Ohio,Plain blue backpack,ID9812,3/17/19,4,27
39,Tess Wisozk,New York,Yellow polka dot backpack,ID0001,3/15/19,1,52
869,Miss Edward Stanton,Texas,Large dark blue tote,ID1077,3/9/19,5,61
472,Dorothy VonRueden,North Dakota,Blue round-shaped duffle bag,ID0370,3/7/19,7,49
301,Mrs. Shaun Labadie,Ohio,White duffle bag,ID9405,3/21/19,3,42
347,Nigel Klocko IV,Rhode Island,Heather grey pouch with black polka dots,ID7840,3/19/19,8,74
73,Tressa Altenwerth,Nebraska,Large dark blue tote,ID4442,3/1/19,4,79
175,Melyna Herman,Connecticut,Large dark blue tote,ID6228,3/4/19,7,58
825,Bo Runolfsdottir,Massachusetts,White backpack with blue and red accents,ID1768,3/17/19,6,62
538,Gerard Mertz DVM,New Hampshire,Black leather pouch,ID1191,3/24/19,5,51
608,Miss Iliana Cartwright,Florida,Black messenger bag with white accents,ID8078,3/4/19,7,61
331,Avery Mohr Jr.,Tennessee,White backpack with blue and red accents,ID4931,3/29/19,3,39
260,Heath Bauch III,Wisconsin,Heather grey messenger bag,ID1784,3/3/19,6,82
591,Eliza Wuckert,Iowa,Black messenger bag with white accents,ID2063,3/4/19,7,74
437,Virginia Collins,New York,Black messenger bag with white accents,ID1272,3/18/19,8,57
1,Reece Lang,Rhode Island,Heather grey pouch with black polka dots,ID1680,3/28/19,4,78
49,Bailee Cole,Louisiana,Pink tote with blue straps and a floral pattern,ID4718,3/1/19,7,88
892,Armand Von,West Virginia,White and pink striped pouch,ID7604,3/4/19,6,56
34,Miss Santiago Kovacek,Rhode Island,Blue rolling travel bag,ID5041,3/6/19,7,46
692,Electa Erdman,Oregon,White backpack with blue and red accents,ID7937,3/25/19,3,63
440,Desmond Gaylord,Minnesota,Heather grey messenger bag,ID7463,3/7/19,8,52
211,Macie Weissnat II,Oklahoma,White tote with a blue beach pattern,ID0218,3/19/19,8,41
618,Brody Bosco,Georgia,Black rolling travel bag,ID7544,3/24/19,6,80
19,Evans Kassulke IV,New Jersey,Pink tote with blue straps and a floral pattern,ID3613,3/11/19,1,57
250,Johnathan Russel,California,Orange leather pouch,ID4527,3/8/19,6,74
687,Elwin Abbott,Kentucky,Dark grey flat backpack,ID2572,3/23/19,7,50
33,Ms. Kole Ortiz,Georgia,Black rolling travel bag,ID4727,3/8/19,5,29
572,Ms. Alfred Lynch,Minnesota,White backpack with blue and red accents,ID1090,3/4/19,5,60
563,Pascale Heidenreich,Tennessee,White backpack with blue and red accents,ID8547,3/27/19,2,30
711,Dr. Sophie Stiedemann,South Carolina,Blue round-shaped duffle bag,ID4696,3/18/19,2,64
595,Antwon Leuschke,Nevada,Plain blue backpack,ID3741,3/25/19,4,66
406,Marcelo Leffler,Alaska,Orange leather pouch,ID0745,3/13/19,5,66
698,Madaline McKenzie,Kansas,Large dark blue tote,ID9816,3/19/19,5,77
476,Theodora Armstrong,New Mexico,Large baby blue tote,ID1884,3/10/19,8,66
599,Melyssa Windler,Tennessee,White and pink striped pouch,ID3948,3/26/19,7,58
392,Penelope Hettinger,North Dakota,White backpack with blue and red accents,ID7106,3/8/19,8,64
911,Garrett Mitchell II,Pennsylvania,Large baby blue tote,ID0326,3/13/19,-12,39
934,Alvena Flatley,Oregon,Black rolling travel bag,ID8543,3/26/19,3,37
257,Curt Johnston DVM,Utah,Pink tote with blue straps and a floral pattern,ID8983,3/5/19,1,70
125,Erica Ledner,4537 North Pole,Black leather pouch,ID5715,3/30/19,Jan-54,32
897,Candido Hahn I,New Jersey,White rolling travel bag,ID3737,3/9/19,2,30
740,Lafayette Batz,Tennessee,Black messenger bag with white accents,ID2501,3/25/19,8,72
855,Lolita Steuber,Delaware,Large dark blue tote,ID4687,3/16/19,3,31
756,Tabitha Stark,North Dakota,Heather grey messenger bag,ID5426,3/13/19,1,81
138,Rhea Kautzer,Florida,Black duffle bag with tan straps,ID8835,3/6/19,4,32
616,Zoila Schuppe,Florida,Pink tote with blue straps and a floral pattern,ID0078,3/18/19,6,58
593,Travon Gislason,Alabama,Dark grey flat backpack,ID9398,3/20/19,6,69
56,Ewell Jenkins,Wyoming,Pink tote with blue straps and a floral pattern,ID6970,3/5/19,5,73
149,Leanna Tremblay II,Massachusetts,Blue round-shaped duffle bag,ID9948,3/9/19,4,79
308,Rosendo Bayer,Pennsylvania,Large baby blue tote,ID4551,3/14/19,2,70
701,Mrs. Evangeline Will,Massachusetts,Black rolling travel bag,ID7457,3/2/19,4,47
21,Kasey Fahey,Oklahoma,Yellow polka dot backpack,ID4445,3/11/19,2,72
983,Ole Spinka,Minnesota,White duffle bag,ID5179,3/18/19,2,63
555,Sage Grant,Oregon,White rolling travel bag,ID4537,3/22/19,3,84
205,Dr. Sophie Labadie,Washington,Dark grey flat backpack,ID7143,3/21/19,8,79
268,Abraham Gusikowski,Alaska,White and pink striped pouch,ID3078,3/6/19,7,85
655,Hayden Barton,Connecticut,Plain blue backpack,ID4615,3/3/19,3,60
755,Seamus Bradtke,Iowa,Heather grey pouch with black polka dots,ID3601,3/7/19,7,90
298,Rogers Senger,Connecticut,Black duffle bag with tan straps,ID1735,3/17/19,2,35
640,Orland Zboncak PhD,West Virginia,Heather grey messenger bag,ID0187,3/26/19,5,40
745,Giovanny Herman,Alabama,Black messenger bag with white accents,ID1718,3/1/19,3,50
571,Corrine Hansen,Indiana,Yellow polka dot backpack,ID6172,3/15/19,5,38
180,Shemar Fay I,Montana,Heather grey pouch with black polka dots,ID8505,3/8/19,8,45
850,Serena Gerhold,North Dakota,White duffle bag,ID1512,3/17/19,8,42
87,Mellie O'Keefe,Virginia,Heather grey pouch with black polka dots,ID5688,3/10/19,1,66
693,Miss Greg Balistreri,Texas,White tote with a blue beach pattern,ID4527,3/14/19,2,84
40,Irma Jerde PhD,Maine,Black leather pouch,ID0916,3/11/19,6,76
622,Zelma Quitzon,California,Pink tote with blue straps and a floral pattern,ID1189,3/23/19,6,40
24,Mike Leuschke,Michigan,Small dark blue messenger bag,ID5164,3/13/19,7,61
754,Emily Willms,Vermont,Blue rolling travel bag,ID6909,3/15/19,5,33
368,Bill Conn,New Jersey,White and pink striped pouch,ID4305,3/1/19,8,38
283,Deron Abbott PhD,Louisiana,Plain blue backpack,ID2438,3/12/19,5,50
307,Lee Spinka,Massachusetts,Black messenger bag with white accents,ID2372,3/16/19,4,73
685,Gregoria Miller,Alabama,Dark grey flat backpack,ID9082,3/22/19,8,38
541,Brennon Wyman,New Mexico,Large baby blue tote,ID5484,3/18/19,2,31
478,Clint Prohaska,Wyoming,Small dark blue messenger bag,ID0187,3/16/19,3,72
566,Ova Fadel,Colorado,Large dark blue tote,ID1450,3/11/19,7,26
878,Mohamed Bashirian,Nebraska,White rolling travel bag,ID3364,3/2/19,6,45
781,Donnell Hoppe,Alabama,Large baby blue tote,ID6522,3/6/19,5,78
77,Mr. Helen Hessel,Georgia,Black leather pouch,ID0601,3/19/19,5,37
853,Danny Kertzmann,Tennessee,Heather grey pouch with black polka dots,ID0674,3/22/19,3,70
74,Georgiana Goodwin,South Carolina,Black messenger bag with white accents,ID6929,3/27/19,7,27
202,Antonina Nienow,Arkansas,Heather grey pouch with black polka dots,ID7268,3/13/19,7,78
111,Coy Hettinger,Arizona,Black messenger bag with white accents,ID1704,3/29/19,2,38
356,Devyn Larson,Iowa,Heather grey messenger bag,ID5502,3/28/19,2,79
638,Ms. Bonnie Feeney,Missouri,Black leather pouch,ID2838,3/28/19,4,36
741,Ephraim Macejkovic,Ohio,Plain blue backpack,ID8161,3/7/19,6,67
57,Bernice Goyette,Indiana,Heather grey pouch with black polka dots,ID0873,3/20/19,7,37
564,Miss Tate Trantow,Hawaii,Yellow polka dot backpack,ID3815,3/30/19,3,38
856,Clair Murazik,Delaware,Small dark blue messenger bag,ID5482,3/20/19,4,71
108,Jed Pollich,New York,Blue rolling travel bag,ID6716,3/6/19,4,79
246,Arden Bergstrom,Nevada,Blue rolling travel bag,ID0542,3/23/19,7,68
560,Mr. Clotilde Rippin,Pennsylvania,Black leather pouch,ID1206,3/10/19,5,74
695,Salvatore Upton,Ohio,Plain blue backpack,ID6445,3/7/19,5,28
947,Kianna Flatley,Minnesota,Plain blue backpack,ID9892,3/2/19,1,47
645,Sally Larkin II,Colorado,White tote with a blue beach pattern,ID8618,3/21/19,7,34
475,Phoebe Leuschke DVM,Missouri,Large dark blue tote,ID3545,3/16/19,3,85
203,Verna Howe,Georgia,Large dark blue tote,ID6624,3/25/19,3,83
725,Willow Schuster,Idaho,Black messenger bag with white accents,ID8988,3/7/19,7,68
155,Arlo Roberts,Hawaii,Blue round-shaped duffle bag,ID2663,3/28/19,4,44
581,Ezequiel Pfeffer,New Mexico,Yellow polka dot backpack,ID5854,3/1/19,4,49
719,Mr. Dahlia Cronin,Michigan,Black rolling travel bag,ID9525,3/30/19,8,35
390,Alia Bauch,Hawaii,Large dark blue tote,ID8904,3/17/19,8,87
263,Ervin Grady,Wyoming,Black leather pouch,ID1005,3/1/19,3,88
919,Ms. Joshua Prosacco,Nebraska,White backpack with blue and red accents,ID6685,3/23/19,2,50
763,Meggie Kessler,Nebraska,White tote with a blue beach pattern,ID2526,3/1/19,2,70
517,Kellie Miller,Iowa,Orange leather pouch,ID1049,3/20/19,8,81
266,Jeanne Graham,Montana,Black leather pouch,ID3421,3/14/19,7,62
115,Rae Runolfsdottir,Kansas,White duffle bag,ID5256,3/11/19,5,26
129,Kane Hintz DDS,Pennsylvania,Heather grey pouch with black polka dots,ID8561,3/12/19,3,34
854,Toney Heidenreich,Wisconsin,Heather grey messenger bag,ID4635,3/30/19,3,32
198,Carley Botsford,Arizona,White rolling travel bag,ID3718,20/20/20,4,70
772,Maud Gutmann,Virginia,Dark grey flat backpack,ID1886,3/11/19,1,52
428,Nicole Daniel,Mississippi,Black rolling travel bag,ID3046,3/26/19,7,45
154,Ocie Lehner,Delaware,White rolling travel bag,ID6989,3/8/19,2,73
459,Dr. Ruthie Bruen,Montana,Plain blue backpack,ID9213,3/16/19,5,36
585,Dr. Michael Crist,Florida,White rolling travel bag,ID2838,3/20/19,4,36
777,Candido Mills,Arizona,Large dark blue tote,ID9158,3/25/19,6,61
156,Antonina Nolan,New Hampshire,White and pink striped pouch,ID1940,3/19/19,3,79
822,Alec Kuhn,Pennsylvania,Pink tote with blue straps and a floral pattern,ID2686,3/9/19,7,87
277,Randy Rowe,Rhode Island,Blue rolling travel bag,ID5956,3/5/19,3,3277
742,Roel Glover,Alabama,White duffle bag,ID1826,3/4/19,6,58
328,Amir Kemmer,Connecticut,Large baby blue tote,ID2738,3/10/19,1,86
67,Donna Bernhard PhD,Virginia,White duffle bag,ID7751,3/2/19,3,63
363,Arielle Mosciski,Delaware,Blue round-shaped duffle bag,ID1273,3/7/19,5,67
486,Charlie Hodkiewicz,Virginia,Blue round-shaped duffle bag,ID2922,3/30/19,7,27
696,Kelly Hirthe,Connecticut,Heather grey messenger bag,ID6627,3/12/19,8,41
979,Precious King,New Jersey,Black leather pouch,ID0097,3/16/19,7,78
47,Catherine Nader,West Virginia,Blue round-shaped duffle bag,ID3296,3/28/19,7,47
803,Kellen Spinka,Missouri,Large baby blue tote,ID2953,3/4/19,2,53
231,Maudie Friesen,Oklahoma,Small dark blue messenger bag,ID3694,3/29/19,2,51
364,Alta Mann DVM,Connecticut,Black messenger bag with white accents,ID2684,3/21/19,7,90
567,Alexandre Nader,Indiana,Pink tote with blue straps and a floral pattern,ID5140,3/23/19,3,33
949,Dr. Sedrick Denesik,New Mexico,Black rolling travel bag,ID3671,3/27/19,3,72
287,Broderick Mraz Sr.,Wisconsin,Large dark blue tote,ID9249,3/15/19,6,68
751,Mrs. Kody Zieme,Nevada,Heather grey pouch with black polka dots,ID1322,3/3/19,5,26
370,Dena Jacobs,Nebraska,Small dark blue messenger bag,ID5229,3/6/19,4,27
644,Dr. Elyssa Bogisich,Georgia,White tote with a blue beach pattern,ID4488,3/3/19,6,61
623,Grayson Homenick,Oklahoma,Yellow polka dot backpack,ID6620,3/27/19,2,78
602,Karli Armstrong,New Jersey,Black leather pouch,ID8122,3/19/19,2,68
118,Dr. Paula Ward,New Mexico,Large baby blue tote,ID8675,3/7/19,1,56
997,Torrance Auer,Ohio,Blue round-shaped duffle bag,ID4821,3/7/19,1,86
237,Waylon Lowe,Ohio,White duffle bag,ID8920,3/5/19,8,34
784,Mrs. Pauline Satterfield,Nevada,Heather grey pouch with black polka dots,ID8714,3/24/19,7,75
213,Jeromy Howell DDS,South Dakota,White backpack with blue and red accents,ID6159,3/11/19,4,53
332,Jamarcus Cole V,Florida,Large dark blue tote,ID5319,3/17/19,2,26
112,Stewart Harber Jr.,Michigan,White tote with a blue beach pattern,ID9810,3/22/19,2,69
676,Rafaela Hilll,South Carolina,Large dark blue tote,ID7521,3/8/19,1,68
42,Jo Schinner,Georgia,Heather grey pouch with black polka dots,ID3108,3/1/19,6,83
16,Dr. Bernadine Schoen,Ohio,White backpack with blue and red accents,ID0424,3/2/19,5,56
999,Xavier Rosenbaum,Maine,Black rolling travel bag,ID6307,3/3/19,1,81
578,Lola Erdman IV,Ohio,White tote with a blue beach pattern,ID8364,3/18/19,1,76
886,Derrick Cummerata,Oregon,Large dark blue tote,ID6065,3/1/19,8326,48
333,Antoinette Keeling,Mississippi,Heather grey messenger bag,ID8874,3/10/19,4,46
951,Pietro Berge Sr.,Virginia,Yellow polka dot backpack,ID6992,3/2/19,7,64
60,Tomasa Langosh IV,North Dakota,Dark grey flat backpack,ID0289,3/3/19,5,78
524,Ashlee Pfannerstill,Alaska,White rolling travel bag,ID4771,3/10/19,2,63
776,Calista Schulist,New York,Black duffle bag with tan straps,ID5838,3/27/19,4,46
601,Ms. Gracie Fadel,Iowa,Small dark blue messenger bag,ID5195,3/1/19,4,89
366,Aisha Rice,Ohio,Heather grey messenger bag,ID4703,3/25/19,2,55
124,Lavonne Langworth,Massachusetts,Black leather pouch,ID4443,3/11/19,1,55
430,Rafaela Abbott,Georgia,White duffle bag,ID8210,3/30/19,5,30
588,Ulices Beer,West Virginia,Pink tote with blue straps and a floral pattern,ID6336,3/19/19,6,59
624,Marlen Ankunding,Minnesota,Pink tote with blue straps and a floral pattern,ID8074,3/6/19,4,78
819,Genesis Hermann III,Washington,Black messenger bag with white accents,ID4718,3/27/19,3,54
444,D'angelo Howell III,Mississippi,Dark grey flat backpack,ID6272,3/12/19,6,83
326,Spencer Jast,Oregon,White duffle bag,ID3860,3/4/19,3,35
75,Carolyn Jaskolski,New Jersey,White tote with a blue beach pattern,ID4737,3/16/19,4,53
909,Mrs. Andre West,Mississippi,Black duffle bag with tan straps,ID4850,3/7/19,3,32
788,Emile Spinka,West Virginia,Large dark blue tote,ID7367,3/8/19,3,25
831,Orie Bailey,Tennessee,Plain blue backpack,ID4769,3/7/19,7,36
120,Hillary Hills,Maryland,Small dark blue messenger bag,ID9141,3/5/19,8,90
551,Dewitt Tremblay,South Carolina,Blue round-shaped duffle bag,ID8338,3/23/19,4,47
625,Roel Nitzsche DVM,Massachusetts,White and pink striped pouch,ID7849,3/26/19,8,58
215,Dr. Brooks Mraz,Nevada,Blue round-shaped duffle bag,ID2372,3/26/19,1,29
416,Royal Schneider,Rhode Island,Pink tote with blue straps and a floral pattern,ID4699,3/3/19,1,57
457,Remington Fay,Kentucky,Blue round-shaped duffle bag,ID9953,3/16/19,5,35
801,Duncan Kihn,Nebraska,Black messenger bag with white accents,ID2235,3/11/19,5,27
29,Ms. Charlotte Wilkinson,Maryland,Orange leather pouch,ID7459,3/2/19,3,69
708,Hayden Ledner,Montana,Small dark blue messenger bag,ID3115,3/6/19,1,30
152,Jakayla Jones Jr.,Alabama,Blue round-shaped duffle bag,ID0809,3/23/19,2,53
133,Delia Watsica,Oklahoma,Black duffle bag with tan straps,ID9336,3/10/19,2,72
492,Miss Columbus Goyette,South Carolina,Black rolling travel bag,ID5121,3/11/19,1,26
461,Ayden Turner,Connecticut,Yellow polka dot backpack,ID8716,3/23/19,3,66
391,Zack Crooks,Washington,Dark grey flat backpack,ID3842,3/7/19,8,51
826,Shanna Fisher,Michigan,White tote with a blue beach pattern,ID8912,3/25/19,5,89
386,Drew Schulist,Oregon,White duffle bag,ID8175,3/29/19,8,68
9,Gaylord Lesch,Kentucky,Large baby blue tote,ID9319,3/29/19,6,44
991,Eulalia Collins PhD,New Mexico,Black rolling travel bag,ID7252,3/24/19,7,59
271,Mercedes Greenholt IV,Alaska,Blue round-shaped duffle bag,ID7877,3/14/19,8,28
657,Lia Wilkinson,New Jersey,Orange leather pouch,ID0758,3/2/19,8,53
664,Albert Langosh,Nevada,Yellow polka dot backpack,ID3468,3/2/19,4,60
780,Theodore Hartmann DDS,North Dakota,White and pink striped pouch,ID8838,3/13/19,3,82
96,Mr. Myriam Borer,New Mexico,Large dark blue tote,ID8960,3/3/19,4,46
173,Claire Leffler,New York,Heather grey pouch with black polka dots,ID4238,3/20/19,6,83
320,Dr. Tatyana Hintz,Montana,White backpack with blue and red accents,ID1687,3/23/19,5,79
796,Kelsie Robel,Maryland,Plain blue backpack,ID3715,3/18/19,5,53
314,Ms. Lucinda Lockman,Hawaii,Pink tote with blue straps and a floral pattern,ID6973,3/26/19,1,29
806,Hoyt Schiller Jr.,New Jersey,Blue rolling travel bag,ID9469,3/22/19,3,52
614,Jasen Shields,Ohio,White tote with a blue beach pattern,ID1742,3/5/19,6,36
586,Gracie Bechtelar,Arizona,Black duffle bag with tan straps,ID7299,3/19/19,5,41
221,Dewitt Smith,Idaho,Yellow polka dot backpack,ID8457,3/8/19,4,29
32,Kentucky,South Dakota,Small dark blue messenger bag,ID9512,3/21/19,8,89
820,Trisha Ritchie MD,Delaware,Large dark blue tote,ID0792,3/6/19,1,27
575,Ms. Tina Jenkins,North Carolina,White and pink striped pouch,ID6734,3/23/19,1,44
401,Sarah Murray,Idaho,Blue rolling travel bag,ID9274,3/23/19,8,35
536,Katelyn Hane PhD,Rhode Island,Blue rolling travel bag,ID1125,3/6/19,5,84
960,Samir Orn,Wyoming,Black messenger bag with white accents,ID6784,3/25/19,5,75
44,Mr. Zola Kertzmann,New Mexico,Large baby blue tote,ID4023,3/27/19,1,69
969,Miss Modesta Stokes,Alabama,Blue rolling travel bag,ID5131,3/11/19,2,59
654,Ashlynn Leannon I,Maryland,Heather grey pouch with black polka dots,ID2921,3/19/19,3,46
294,Lourdes Farrell,Idaho,Large baby blue tote,ID3589,3/22/19,8,83
169,Paris Buckridge,Louisiana,Blue round-shaped duffle bag,ID7385,3/8/19,8,76
735,Mr. Arthur Lakin,Montana,Black rolling travel bag,ID8782,3/6/19,2,43
483,Marcos Klein,Nebraska,White duffle bag,ID8473,3/26/19,5,59
41,Ms. Tom Harris,Washington,Blue rolling travel bag,ID3707,3/28/19,4,59
712,Garfield Hammes,Ohio,White rolling travel bag,ID5045,3/22/19,4,69
262,Augustine Hegmann,Indiana,Orange leather pouch,ID9378,3/11/19,1,89
944,Russell Bernhard,North Dakota,White duffle bag,ID2332,3/27/19,5,29
234,Chandler Abernathy,Kentucky,White duffle bag,ID4232,3/23/19,1,44
426,Jonas Crona,Alabama,Small dark blue messenger bag,ID9413,3/19/19,7,54
503,Ryann Witting,Wyoming,Yellow polka dot backpack,ID4931,3/19/19,5,45
792,Mrs. Myron Wuckert,West Virginia,White duffle bag,ID4813,3/1/19,7,67
620,Mr. Natasha Brakus,Nebraska,Yellow polka dot backpack,ID7030,3/11/19,5,80
487,Miss Rex Predovic,Montana,Black leather pouch,ID6740,3/24/19,3,34
166,Jonathan Marks,Michigan,White duffle bag,ID8497,3/1/19,3,36
506,Mr. Harmon Frami,Maine,Blue rolling travel bag,ID5703,3/13/19,7,70
190,Diego Koepp,Pennsylvania,Black rolling travel bag,ID0330,3/25/19,8,70
954,Sabrina Armstrong,Hawaii,White rolling travel bag,ID2411,3/30/19,6,57
336,Athena Schiller,Maryland,Yellow polka dot backpack,ID8365,3/9/19,2,81
590,Mrs. Eddie Lind,Pennsylvania,Heather grey pouch with black polka dots,ID0332,3/18/19,5,48
606,Marquise Ledner,West Virginia,White rolling travel bag,ID1447,3/5/19,4,54
100,Emilia Abernathy,Oregon,Black duffle bag with tan straps,ID8036,3/10/19,5,49
446,Ms. Jordy Blick,New Mexico,Dark grey flat backpack,ID6580,3/16/19,6,45
97,Lawrence Wolf,Hawaii,Black messenger bag with white accents,ID9068,3/29/19,3,87
17,Mckenna Kihn,Utah,Large baby blue tote,ID3253,3/16/19,4,32
214,Colby Hirthe,New York,Heather grey messenger bag,ID4896,3/4/19,6,76
219,Bernita Aufderhar,Nebraska,Blue rolling travel bag,ID5230,3/30/19,4,27
2,Broderick Cummings,South Carolina,Blue rolling travel bag,ID1669,3/26/19,6,29
360,Mr. Piper Sipes,Kentucky,Plain blue backpack,ID3454,3/29/19,6,35
162,Shaniya Lebsack,Arizona,White backpack with blue and red accents,ID3684,3/24/19,8,50
629,Jeramy Rippin,Arkansas,White duffle bag,ID4006,3/19/19,7,53
512,Malvina Stoltenberg,Wyoming,Black leather pouch,ID9235,3/18/19,5,46
733,Abelardo Schamberger II,Louisiana,Pink tote with blue straps and a floral pattern,ID3880,3/16/19,3,85
717,Camren Bechtelar,Missouri,Large dark blue tote,ID0163,3/1/19,2,60
642,Rupert Connelly,Arizona,Black rolling travel bag,ID0122,3/1/19,5,68
12,Tyshawn Dickens,Oklahoma,White backpack with blue and red accents,ID0857,3/16/19,2,42
858,Mr. Lily Lehner,Wyoming,Large dark blue tote,ID1495,3/11/19,3,38
181,Faustino Schimmel DDS,Arkansas,White rolling travel bag,ID1862,3/11/19,2,89
556,Lucas McGlynn,New Mexico,Plain blue backpack,ID6246,3/1/19,1,67
414,Hassan Batz,Wisconsin,Blue rolling travel bag,ID0847,3/10/19,1,73
881,Sylvester Pfannerstill IV,Georgia,White duffle bag,ID4788,3/6/19,7,60
736,Cody Kris,Iowa,Large dark blue tote,ID5175,3/25/19,6,52
232,Mr. Horacio Kerluke,Colorado,White rolling travel bag,ID9701,3/17/19,7,48
280,Loyal Conn PhD,1690E 13th W,Heather grey pouch with black polka dots,ID9573,3/14/19,5,58
872,Pearline Mueller V,Texas,Small dark blue messenger bag,ID1152,3/16/19,2,54
707,Trycia Weber,Nevada,Heather grey pouch with black polka dots,ID5309,3/23/19,1,31
438,Nelson Schmidt,Maryland,Black leather pouch,ID9415,3/4/19,1,83
535,Steve Schuster,Arkansas,White backpack with blue and red accents,ID3651,3/28/19,7,54
410,Mrs. Darren Greenholt,Vermont,White duffle bag,ID8612,3/20/19,7,44
204,Gerald Nicolas,Virginia,White rolling travel bag,ID9340,3/17/19,8,59
243,Mafalda Cole,Tennessee,Large baby blue tote,ID4551,3/20/19,8,43
122,Brayan Cummings,New Hampshire,Pink tote with blue straps and a floral pattern,ID7508,3/20/19,4,74
90,Catherine Stroman,Delaware,White duffle bag,ID5068,3/30/19,2,42
849,Mr. Janie Hansen,Alabama,Large baby blue tote,ID3690,3/30/19,1,85
274,Sandy Smitham,Nevada,Black messenger bag with white accents,ID3321,3/19/19,-11,0
573,Felicity McGlynn,Colorado,Small dark blue messenger bag,ID3181,3/29/19,7,63
779,Salvatore Bradtke,New Jersey,Heather grey pouch with black polka dots,ID2081,3/2/19,4,47
209,Percy Lang,Wisconsin,Yellow polka dot backpack,ID6062,3/4/19,6,44
838,Miller Steuber,Iowa,Black rolling travel bag,ID7740,3/22/19,5,51
247,Johanna Hane,Texas,Black messenger bag with white accents,ID4343,3/9/19,4,44
908,Richard Gottlieb,Montana,Small dark blue messenger bag,ID7755,3/12/19,4,63
689,Ms. Alfredo Thiel,Massachusetts,White backpack with blue and red accents,ID9883,3/22/19,2,61
710,Mr. Cara Torp,Massachusetts,Pink tote with blue straps and a floral pattern,ID1100,3/12/19,4,61
25,Mr. Carmine Vandervort,Arizona,Small dark blue messenger bag,ID4609,3/30/19,1,80
922,Michael Ankunding,Alabama,Black rolling travel bag,ID7387,3/23/19,8,80
424,Miguel Doyle,Mississippi,White and pink striped pouch,ID2477,3/8/19,3,89
839,Randy Kozey Sr.,23 2nd St.,White and pink striped pouch,ID3268,12/12/12,7767,45
455,Daisy Schultz,Massachusetts,Yellow polka dot backpack,ID0390,3/18/19,2,32
393,Maurice Fadel,West Virginia,White backpack with blue and red accents,ID9387,3/5/19,8,53
656,Clarissa Mraz,Indiana,Plain blue backpack,ID4178,3/8/19,1,35
786,Ruben Keebler III,New York,Blue round-shaped duffle bag,ID3279,3/26/19,2,79
3,Maynard Lesch,New Mexico,Yellow polka dot backpack,ID9706,3/6/19,2,44
272,Alexandra DuBuque,North Carolina,White rolling travel bag,ID5969,3/21/19,8,39
7,Mason Rutherford,Nebraska,Blue rolling travel bag,ID0813,3/16/19,3,27
462,Cyril Bergstrom,North Carolina,White and pink striped pouch,ID1619,3/2/19,3,65
385,Bo Swift Jr.,Texas,Pink tote with blue straps and a floral pattern,ID2344,3/6/19,6,57
941,Juvenal Stark,California,White duffle bag,ID9566,3/17/19,7,59
677,Mr. Mario Greenholt,Georgia,Black messenger bag with white accents,ID3321,3/8/19,5,53
913,Sonya Carroll Jr.,Michigan,White rolling travel bag,ID9137,3/4/19,4,47
299,Alena Lueilwitz III,Massachusetts,Dark grey flat backpack,ID7578,3/5/19,3,46
925,Janis Jacobs,Pennsylvania,White backpack with blue and red accents,ID2783,3/22/19,7,57
329,Lacy Gulgowski,Missouri,Black duffle bag with tan straps,ID2554,3/3/19,5,26
732,Miss Phyllis Bergstrom,Maine,Black messenger bag with white accents,ID8704,3/5/19,1,27
168,Renee Bogan PhD,Rhode Island,Plain blue backpack,ID6216,3/30/19,3,33
172,Thalia Frami,Arizona,Heather grey messenger bag,ID6777,3/22/19,4,83
6,Ryder Farrell,West Virginia,Pink tote with blue straps and a floral pattern,ID3879,3/29/19,4,83
665,Finn Langworth MD,Arizona,Heather grey messenger bag,ID8747,3/11/19,1,38
534,Clay Feeney,Tennessee,Blue rolling travel bag,ID1832,3/28/19,1,88
139,Fabian Mueller,West Virginia,Orange leather pouch,ID4306,3/12/19,5,81
987,Boyd Osinski,Washington,Pink tote with blue straps and a floral pattern,ID7652,3/13/19,6,74
354,Edd Stiedemann V,New Hampshire,Orange leather pouch,ID8013,3/27/19,3,89
716,Eryn Lueilwitz,Hawaii,Black duffle bag with tan straps,ID8933,3/22/19,5,64
312,Linda Walker,New Jersey,Orange leather pouch,ID7751,3/4/19,8,36
959,Otho Becker,Iowa,Dark grey flat backpack,ID0692,3/14/19,5,70
427,Nora Daugherty,New Mexico,Large dark blue tote,ID9226,3/25/19,5,58
372,Bertrand Sauer II,Oregon,Heather grey pouch with black polka dots,ID6608,3/20/19,6,68
453,Kaya Daniel,Maryland,Plain blue backpack,ID2941,3/17/19,2,55
917,Sunny Marvin,Colorado,Heather grey messenger bag,ID6587,3/24/19,4,69
407,Eveline Von,Kansas,Heather grey messenger bag,ID9852,3/23/19,4,83
519,Ana Dibbert,Indiana,Pink tote with blue straps and a floral pattern,ID4358,3/9/19,X,X
80,Chauncey Armstrong Jr.,Michigan,Blue rolling travel bag,ID9350,3/24/19,5,74
596,Brigitte Rau PhD,Oregon,Dark grey flat backpack,ID2920,3/16/19,5,59
167,Simeon Mitchell,Rhode Island,Dark grey flat backpack,ID5336,3/30/19,6,27
984,Dr. Nicholaus Hackett,Minnesota,Heather grey messenger bag,ID6110,3/13/19,2,72
846,Broderick Haley,New Hampshire,Yellow polka dot backpack,ID7540,3/14/19,3,88
967,Justina Pfannerstill,Michigan,Heather grey pouch with black polka dots,ID7514,3/24/19,2,86
350,Earnestine Adams,California,Pink tote with blue straps and a floral pattern,ID3331,3/14/19,7,49
242,Buddy Pagac,Oklahoma,Orange leather pouch,ID3499,3/14/19,6,34
245,Raymundo Oberbrunner,Missouri,White tote with a blue beach pattern,ID3224,3/30/19,8,58
484,Steve Goyette,Indiana,Heather grey pouch with black polka dots,ID7456,3/22/19,3,77
235,Colton Mann,Oregon,Dark grey flat backpack,ID8053,3/23/19,6,60
728,Alba Lowe PhD,Alabama,Dark grey flat backpack,ID6322,3/3/19,6,56
303,Taryn Breitenberg II,Alabama,Large baby blue tote,ID9530,3/1/19,1,69
942,Mackenzie Shields,Delaware,Black messenger bag with white accents,ID7152,3/5/19,1,73
433,Hope Wilkinson I,Oklahoma,Black rolling travel bag,ID0323,3/21/19,6,47
92,Keira Spinka Sr.,Vermont,White backpack with blue and red accents,ID5648,3/22/19,1,51
423,Ms. Derrick Nicolas,Wisconsin,Black messenger bag with white accents,ID1239,3/30/19,5,49
928,Jennings Greenholt,Arkansas,Black duffle bag with tan straps,ID2352,3/8/19,1,"0="""
747,Ofelia Stiedemann,Ohio,White backpack with blue and red accents,ID3170,3/7/19,2,40
568,Ms. Burley Altenwerth,Hawaii,Blue rolling travel bag,ID0531,3/30/19,5,66
20,Mabel Bednar MD,Hawaii,White tote with a blue beach pattern,ID5704,3/1/19,8,31
325,Rey Wuckert,Utah,Dark grey flat backpack,ID1128,3/21/19,5,63
775,Reagan Kreiger,Nebraska,Dark grey flat backpack,ID5050,3/8/19,2,80
726,Rosamond Wilderman,Florida,Orange leather pouch,ID6886,3/29/19,8,0
251,Jayne Zulauf,Washington,Large dark blue tote,ID2937,3/4/19,7,40
369,Gia Reichel,New Hampshire,White tote with a blue beach pattern,ID9554,3/1/19,8,87
848,Mr. Patience Schamberger,Georgia,Large baby blue tote,ID6849,3/29/19,7,53
405,Marta Hickle I,Maryland,Dark grey flat backpack,ID3422,3/1/19,5,54
358,Jacynthe Hilpert,Hawaii,Large baby blue tote,ID4492,3/28/19,8,41
327,Deven Schroeder,Vermont,Black leather pouch,ID1551,3/24/19,5,40
344,Dean King I,Alaska,Black rolling travel bag,ID4667,3/19/19,3,28
28,Mrs. Dayne Konopelski,New Hampshire,White and pink striped pouch,ID5341,3/21/19,8,78
537,Dr. Cristina Walter,Indiana,Black duffle bag with tan straps,ID2955,3/16/19,3,61
448,Kiarra Durgan,Arkansas,Black leather pouch,ID4112,3/11/19,7,28
505,Bernard Schoen DVM,South Dakota,Dark grey flat backpack,ID7961,3/12/19,4,78
690,Mrs. Beryl Hauck,North Dakota,Black messenger bag with white accents,ID8801,3/5/19,1,27
76,Ms. Gracie Predovic,North Carolina,Pink tote with blue straps and a floral pattern,ID3008,3/10/19,8,53
439,Kelvin McLaughlin,Indiana,Orange leather pouch,ID0674,3/13/19,6,53
191,Niko Bernier,Utah,White rolling travel bag,ID5158,3/26/19,1,59
628,Noel Cummings PhD,Oklahoma,White tote with a blue beach pattern,ID8472,3/8/19,7,60
859,Felipa Marquardt,Louisiana,Black rolling travel bag,ID7992,3/29/19,8,85
543,Miss Garland Casper,Oklahoma,White duffle bag,ID3706,3/20/19,6,60
810,Hattie Gorczany MD,Oklahoma,White duffle bag,ID0557,3/29/19,6,40
525,Ms. Shayna Mitchell,Mississippi,Heather grey messenger bag,ID6511,3/4/19,6,83
335,Santino O'Connell,Minnesota,White duffle bag,ID0699,3/8/19,4,54
970,Ms. Jade Reichert,New Mexico,White and pink striped pouch,ID7864,3/11/19,7,81
417,Isobel Daniel,Rhode Island,Black messenger bag with white accents,ID2643,3/11/19,6,47
679,Kirsten Rosenbaum,North Dakota,Pink tote with blue straps and a floral pattern,ID1110,3/26/19,6,39
411,Alanna Gutmann,South Dakota,Heather grey messenger bag,ID6885,3/22/19,6,78
89,Hertha Collins V,Maine,Dark grey flat backpack,ID1155,3/9/19,3,68
206,Jamel Ratke,Oregon,Plain blue backpack,ID0345,3/3/19,4,86
103,Dr. Kole Lakin,New Mexico,White rolling travel bag,ID2712,3/21/19,3,90
827,Tillman Wiza III,Louisiana,Black messenger bag with white accents,ID4056,3/20/19,2,68
530,Prince Cormier,North Carolina,White duffle bag,ID7500,3/24/19,8,71
865,Randall Koch,Arkansas,Black messenger bag with white accents,ID5521,3/16/19,1,38
165,Antwon Schamberger,Ohio,Large baby blue tote,ID9153,3/4/19,1,88
310,Will Swift PhD,Iowa,Yellow polka dot backpack,ID1469,3/26/19,6,84
116,Laverna Lang,Interstate Highway,Black rolling travel bag,ID1534,3/30/19,2,28
284,Dr. Jazmyn Macejkovic,Wisconsin,Plain blue backpack,ID3728,3/17/19,7,56
61,Cameron Kertzmann,Kentucky,Small dark blue messenger bag,ID5002,3/9/19,4,30
26,Stacey Lubowitz,Indiana,White and pink striped pouch,ID4215,3/10/19,5,73
8,Aric Lehner,California,Pink tote with blue straps and a floral pattern,ID1459,3/18/19,5,45
539,Vicky Brown I,Pennsylvania,Large dark blue tote,ID9937,3/29/19,4,47
834,Georgiana Ratke,Massachusetts,Black leather pouch,ID7583,3/9/19,4,74
321,Jaclyn Berge,Tennessee,Blue round-shaped duffle bag,ID4281,3/27/19,8,43
612,Ms. Jovany Towne,Hawaii,Black leather pouch,ID7991,3/14/19,2,46
477,Israel Kutch,Connecticut,Black rolling travel bag,ID1037,3/13/19,4,85
972,Miss Nick Sporer,Maryland,White backpack with blue and red accents,ID3486,3/5/19,4,87
783,Rubye Shanahan,Oklahoma,White backpack with blue and red accents,ID0533,3/22/19,3,87
652,Angelita Klein,Minnesota,Black leather pouch,ID5625,3/21/19,3,86
142,Miss Marion Stehr,South Carolina,White duffle bag,ID9385,3/28/19,7,53
465,Christy Harvey,Georgia,White rolling travel bag,ID6964,3/22/19,8,51
852,Valerie Kihn,Oklahoma,Black rolling travel bag,ID2586,3/19/19,3,70
230,Marilou Konopelski,Arizona,Orange leather pouch,ID9045,3/15/19,3,34
396,Stanton Bruen,Nebraska,Blue rolling travel bag,ID2665,3/2/19,4,71
880,Mrs. Sandy Conn,Arkansas,White rolling travel bag,ID1097,3/27/19,4,59
45,Ms. Sidney Stark,Idaho,Black messenger bag with white accents,ID5922,3/29/19,5,77
290,Lisette Walker,Minnesota,Small dark blue messenger bag,ID5766,3/25/19,3,30
449,Uriel Orn V,Washington,White rolling travel bag,ID1717,3/9/19,6,82
583,Isom Franecki,Virginia,Blue rolling travel bag,ID3922,3/29/19,6,48
837,Daniella Effertz,Alabama,Black leather pouch,ID1792,3/23/19,8,68
300,Jackie Hane,Alabama,Orange leather pouch,ID7621,3/12/19,3,39
398,Fredy Dietrich,Idaho,Orange leather pouch,ID9283,3/16/19,4,53
841,Maybell Cronin Jr.,Maine,White and pink striped pouch,ID2741,3/4/19,2,48
697,Myles Tremblay,Alabama,Blue rolling travel bag,ID8037,3/23/19,5,26
884,Lexi Stokes,Vermont,Large dark blue tote,ID0524,3/25/19,2,72
291,Katharina Kuvalis,New Jersey,Blue round-shaped duffle bag,ID3854,3/6/19,7,43
420,Rae Marks,Michigan,Pink tote with blue straps and a floral pattern,ID4906,3/1/19,3,59
141,Lennie Kutch,New Hampshire,Small dark blue messenger bag,ID8596,3/27/19,6,78
499,Miss Golden McClure,Minnesota,Yellow polka dot backpack,ID9298,3/21/19,8,30
510,Meghan Corwin,Wyoming,Blue rolling travel bag,ID3653,3/26/19,3,35
378,Dr. Noel Swaniawski,West Virginia,Pink tote with blue straps and a floral pattern,ID7887,3/12/19,3,76
666,Wade Larson V,Tennessee,Yellow polka dot backpack,ID6010,3/6/19,8,58
836,Josh Gulgowski,Vermont,Plain blue backpack,ID6885,3/28/19,8,35
610,Dell Ernser,South Carolina,White duffle bag,ID6193,3/28/19,6,73
669,Liana Lehner,Georgia,Plain blue backpack,ID6941,3/4/19,5,55
367,Mr. Garth Grimes,Indiana,Yellow polka dot backpack,ID5422,3/19/19,4,74
688,Hector Nicolas,Vermont,Large dark blue tote,ID2073,3/30/19,7,62
920,Omari Mraz,Delaware,Blue rolling travel bag,ID3140,3/29/19,8,54
558,Frida Rohan,Hawaii,Black duffle bag with tan straps,ID9719,3/15/19,3,46
85,Javier Casper,Maine,Blue rolling travel bag,ID5541,3/8/19,2,62
760,Mossie Brown,New York,White duffle bag,ID6904,3/3/19,6,77
441,Gabriella Howell MD,Rhode Island,Dark grey flat backpack,ID9882,3/18/19,1,86
675,Emerson Pfannerstill,Iowa,White backpack with blue and red accents,ID4495,3/14/19,2,26
316,Dr. Dolores Wisozk,Colorado,White duffle bag,ID6643,3/14/19,7,46
107,Breana Russel,Vermont,Pink tote with blue straps and a floral pattern,ID3468,3/17/19,6,81
647,Ms. Niko Rogahn,Ohio,Blue rolling travel bag,ID1696,3/20/19,6,41
840,Ena Macejkovic,Alabama,Pink tote with blue straps and a floral pattern,ID3064,3/19/19,2,80
805,Kasandra Dibbert,New York,Black rolling travel bag,ID4575,3/13/19,2,50
389,Veronica Gutkowski,California,Small dark blue messenger bag,ID2698,3/12/19,6,88
210,Elliot Stroman,Pennsylvania,Heather grey pouch with black polka dots,ID4894,3/6/19,2,84
157,Howell Lindgren,Massachusetts,Pink tote with blue straps and a floral pattern,ID6953,3/17/19,3,26
66,Malcolm Johnson,Colorado,Heather grey messenger bag,ID3684,3/28/19,6,74
668,Asha Friesen,Illinois,White duffle bag,ID0897,3/11/19,3,67
684,Mr. Lisette Bernier,Wyoming,Small dark blue messenger bag,ID3821,3/6/19,2,61
418,Corene Steuber,New Jersey,White rolling travel bag,ID8436,3/8/19,2,86
714,Molly Christiansen,Illinois,Dark grey flat backpack,ID9474,3/4/19,5,79
126,Diana Quitzon,Vermont,Yellow polka dot backpack,ID6785,3/3/19,7,47
207,Mr. Dallin Runte,Illinois,Plain blue backpack,ID9032,3/18/19,1,86
888,Rodolfo Bahringer,Alabama,Black duffle bag with tan straps,ID1583,3/1/19,2,35
963,Crystel Stark,Connecticut,White duffle bag,ID2632,3/25/19,2,63
187,Kyla Cormier,Virginia,Blue rolling travel bag,ID0794,3/13/19,5,66
140,Gustave Jast,Iowa,White backpack with blue and red accents,ID1888,3/18/19,4,76
528,Johnnie Robel,Illinois,White rolling travel bag,ID1994,3/10/19,8,32
182,Miss Katlynn Toy,Kansas,Dark grey flat backpack,ID1166,3/19/19,6,37
58,Bessie Kunde II,Arizona,Dark grey flat backpack,ID0153,3/20/19,5,71
466,Nicolas Lubowitz III,North Dakota,Plain blue backpack,ID5406,3/19/19,7,33
176,Keegan Emmerich,New Jersey,Black rolling travel bag,ID8779,3/23/19,4,37
18,Madison Hermiston,New Mexico,Pink tote with blue straps and a floral pattern,ID2588,3/26/19,7,55
258,Ms. Guadalupe Blanda,California,White duffle bag,ID8490,3/15/19,3,62
818,Wilford Stamm,Kentucky,Heather grey pouch with black polka dots,ID3114,3/29/19,8,81
802,Dr. Winona McClure,Minnesota,Yellow polka dot backpack,ID9471,3/27/19,3,66
887,Hattie Predovic,Mississippi,White and pink striped pouch,ID1009,3/6/19,3,71
117,Rebeka Botsford,Minnesota,White backpack with blue and red accents,ID2691,3/12/19,5,35
443,Cielo Kessler DVM,Michigan,Dark grey flat backpack,ID4426,3/28/19,4,27
71,Anya Jacobs V,South Carolina,Blue round-shaped duffle bag,ID5343,3/26/19,8,33
770,Kraig Hoppe,Tennessee,Yellow polka dot backpack,ID7727,3/7/19,3,40
926,Brown Wintheiser,Utah,White and pink striped pouch,ID4778,3/19/19,3,60
399,Ettie Wiza,Washington,Heather grey pouch with black polka dots,ID0942,3/15/19,4,85
896,Hope Corkery,South Carolina,Dark grey flat backpack,ID1360,3/4/19,8,49
99,Rickey Schultz,Arkansas,White duffle bag,ID7964,3/14/19,5,41
43,Dr. Stanley Haag,Mississippi,Yellow polka dot backpack,ID5698,3/9/19,3,71
256,Crawford Lesch,Delaware,White duffle bag,ID2153,3/22/19,3,25
10,Beatrice Glover,Kansas,Blue round-shaped duffle bag,ID6686,3/21/19,7,45
729,Ms. Elfrieda Kirlin,Georgia,Small dark blue messenger bag,ID4436,3/23/19,6,73
161,Micah Borer,Texas,Heather grey messenger bag,ID6407,3/21/19,4,28
557,Theresa Hauck,South Carolina,Yellow polka dot backpack,ID9483,3/8/19,8,68
633,Lourdes Marvin,Maryland,Black leather pouch,ID0987,3/7/19,1,51
13,Emerson Reinger,New Hampshire,White and pink striped pouch,ID3410,3/7/19,5,81
334,Mayra Kris,Illinois,Black messenger bag with white accents,ID8585,3/1/19,7,75
782,Dr. Mabel MacGyver,Rhode Island,Black duffle bag with tan straps,ID9269,3/11/19,2,67
952,Lukas Hoppe,Iowa,Orange leather pouch,ID2789,3/22/19,5,59
236,Geovany Wyman,Mississippi,White rolling travel bag,ID8975,3/17/19,7,60
864,April Little,Kansas,Yellow polka dot backpack,ID2518,3/25/19,4,31
830,River Farrell,Louisiana,Heather grey pouch with black polka dots,ID0059,3/28/19,2,72
621,Mrs. Keely Wilderman,Pennsylvania,Small dark blue messenger bag,ID9015,3/17/19,6,48
906,Raoul Metz DDS,Hawaii,Plain blue backpack,ID1365,3/15/19,1,88
239,Madonna Connelly,Vermont,Dark grey flat backpack,ID1741,3/15/19,5,90
546,Leora Block,Pennsylvania,Heather grey pouch with black polka dots,ID5939,3/29/19,4,53
429,Grayson Nitzsche,West Virginia,Orange leather pouch,ID2699,3/7/19,4,34
313,Fabian MacGyver,Ohio,Dark grey flat backpack,ID3897,3/13/19,8,29
415,Toney Hilpert,Louisiana,Black messenger bag with white accents,ID3258,3/30/19,8,69
273,Kendrick Collier Sr.,Mississippi,Blue rolling travel bag,ID9728,3/29/19,8,75
672,Marianna Rempel,South Carolina,White tote with a blue beach pattern,ID2913,3/28/19,3,35
395,Lelia Feil,Alaska,White tote with a blue beach pattern,ID1263,3/22/19,7,43
976,Harrison Hermiston,North Carolina,Heather grey pouch with black polka dots,ID9932,3/1/19,4,83
467,Miss General Collier,Connecticut,Large baby blue tote,ID6395,3/12/19,8,86
376,Sid Keeling,Missouri,Black rolling travel bag,ID6811,3/28/19,1,33
179,Josiah Bogisich Jr.,Utah,Heather grey pouch with black polka dots,ID4101,3/26/19,3,46
817,Sofia Legros,Wyoming,Black rolling travel bag,ID8540,3/5/19,5,63
630,Leopold Hartmann,Connecticut,Blue rolling travel bag,ID3360,3/8/19,2,32
923,Aliyah Lesch Sr.,Ohio,White tote with a blue beach pattern,ID4509,3/30/19,3,31
81,Willard Grady,Arizona,Dark grey flat backpack,ID8461,3/19/19,7,32
351,Lillian Jerde I,Alaska,Black messenger bag with white accents,ID5288,3/29/19,8,71
576,Oleta Homenick Sr.,Hawaii,Plain blue backpack,ID4778,3/26/19,6,62
924,Kieran Kerluke,Michigan,Small dark blue messenger bag,ID4654,3/6/19,3,40
349,Donny Dach,Oregon,Dark grey flat backpack,ID8698,3/23/19,8,50
636,Dr. Myrtie Lynch,Montana,Blue round-shaped duffle bag,ID8195,3/29/19,6,63
318,Dejah McLaughlin,New Hampshire,White tote with a blue beach pattern,ID0569,3/5/19,2,50
481,Emily Gislason II,Mississippi,Pink tote with blue straps and a floral pattern,ID6556,3/2/19,7,85
862,Jordan Klein,Florida,Large dark blue tote,ID1856,3/9/19,7,27
217,Ford Breitenberg,Texas,White tote with a blue beach pattern,ID5320,3/28/19,4,49
773,Lucie Smitham,Oklahoma,White and pink striped pouch,ID2157,3/21/19,7,31
500,Icie Hyatt,Massachusetts,Black duffle bag with tan straps,ID7147,3/4/19,4,73
502,Kelley Lakin MD,Wisconsin,Heather grey messenger bag,ID3432,3/22/19,4,37
357,Dr. Emilio Gutkowski,Montana,White rolling travel bag,ID8870,3/22/19,5,78
403,Reyna Stroman DDS,Washington,Blue round-shaped duffle bag,ID1076,3/11/19,5,73
885,Ms. Yvonne Sauer,Vermont,Black leather pouch,ID6633,3/22/19,8,62
531,Eliza Moore,South Dakota,Blue rolling travel bag,ID9681,3/25/19,1,59
981,Milton Johnston,Wyoming,White and pink striped pouch,ID5849,3/22/19,7,34
485,Mr. Immanuel Hartmann,Delaware,White and pink striped pouch,ID7970,3/8/19,4,76
394,Frances Wyman,Texas,Black leather pouch,ID4596,3/21/19,6,52
296,Mrs. Katrina Cole,Arizona,Large dark blue tote,ID3978,3/14/19,6,81
432,Maxine Armstrong,Georgia,Heather grey messenger bag,ID8298,3/26/19,3,50
843,Gunner DuBuque,Oklahoma,Heather grey pouch with black polka dots,ID6344,3/30/19,8,29
835,Sven Wolf,Illinois,White tote with a blue beach pattern,ID3103,3/23/19,7,44
977,Dr. Emory Bartoletti,Iowa,Large dark blue tote,ID6399,3/14/19,6,29
489,Timothy Mosciski,Nevada,Heather grey pouch with black polka dots,ID7262,3/3/19,4,72
132,Alice McGlynn,New Mexico,Orange leather pouch,ID1458,3/18/19,7,54
400,Jazmin Murphy,Connecticut,Small dark blue messenger bag,ID5078,3/23/19,8,32319
821,June Lemke,Maryland,Pink tote with blue straps and a floral pattern,ID4131,3/23/19,3,35
101,Mr. Alexandra Wolff,Nebraska,Large dark blue tote,ID8741,3/14/19,3,87
38,Mitchell Wolff,Georgia,Plain blue backpack,ID8332,3/22/19,1,89
164,Monica Ward Sr.,Indiana,Dark grey flat backpack,ID6264,3/27/19,3,63
617,Rudy Sauer,Washington,Blue round-shaped duffle bag,ID8204,3/27/19,6,53
577,Margot Hyatt,Pennsylvania,Large baby blue tote,ID6670,3/20/19,3,33
900,Annabelle Herzog,Tennessee,White duffle bag,ID2096,3/17/19,6,85
771,Skyla Kunde DDS,Maine,Heather grey pouch with black polka dots,ID1215,3/25/19,4,33
694,Elna Stamm Sr.,Pennsylvania,Small dark blue messenger bag,ID9206,3/19/19,3,82
106,Brandi Lindgren,South Carolina,Black leather pouch,ID1852,3/29/19,5,77
324,Clement Cummings,Oregon,Large dark blue tote,ID2748,3/21/19,7,89
249,Mrs. Ernest Cronin,Maryland,Heather grey pouch with black polka dots,ID4447,3/25/19,1,40
813,Jose Fritsch,Alaska,Large baby blue tote,ID3862,3/12/19,2,60
682,Renee Schuster,Wyoming,White duffle bag,ID1243,3/11/19,7,44
785,Mr. Virginie Reynolds,Oregon,Black duffle bag with tan straps,ID1017,3/1/19,2,27
609,Lia VonRueden IV,Florida,Large baby blue tote,ID5525,3/5/19,7,35
208,Khalil Haag,Alabama,White tote with a blue beach pattern,ID7721,3/17/19,7,28
891,Mr. Lamont Feest,Virginia,Yellow polka dot backpack,ID4830,3/19/19,1,78
84,Miss Tanner Larson,Indiana,Large dark blue tote,ID8472,3/1/19,7,76
800,Mrs. Paul Nolan,New Jersey,White tote with a blue beach pattern,ID6590,3/11/19,8,77
342,Garnett Prosacco,Montana,Black duffle bag with tan straps,ID7362,3/9/19,1,75
994,Bailey Torp,Wyoming,Blue rolling travel bag,ID3307,3/29/19,1,54
592,Joan Rolfson,Virginia,Orange leather pouch,ID2799,3/9/19,1,60
808,Felipe Boyer,New Mexico,Yellow polka dot backpack,ID5051,3/14/19,1,42
903,Trevion Green,Colorado,Small dark blue messenger bag,ID9125,3/27/19,1,62
914,Mittie Bogisich,Maryland,White and pink striped pouch,ID8671,3/19/19,7,41
516,Hipolito Roberts,Utah,White duffle bag,ID1274,3/9/19,4,60
724,Aryanna Tillman III,Tennessee,Plain blue backpack,ID5990,3/9/19,1,69
193,Terrill Deckow I,South Dakota,Heather grey messenger bag,ID1583,3/10/19,4,64
604,Juanita Harris,Oregon,White tote with a blue beach pattern,ID0871,3/13/19,6,41
965,Mathew Hyatt II,Montana,White and pink striped pouch,ID8177,3/6/19,2,56
15,Conner Graham,Pennsylvania,White duffle bag,ID6526,3/12/19,8,25
185,Quentin Rice,Idaho,Black messenger bag with white accents,ID6667,3/15/19,2,87
948,Adolf Hane,Vermont,Black messenger bag with white accents,ID4254,3/8/19,1,87
382,Deborah Heathcote,Florida,Black rolling travel bag,ID5099,3/27/19,3,83
720,Miss Josianne King,Kansas,Black leather pouch,ID3446,3/26/19,1,51
381,Nia Bode,Oregon,Small dark blue messenger bag,ID6690,3/14/19,5,33
150,Lenore Armstrong,Minnesota,Yellow polka dot backpack,ID2414,3/27/19,2,55
706,Naomi Dickens,South Carolina,Small dark blue messenger bag,ID0869,3/10/19,2,40
199,Idaho,Vermont,Yellow polka dot backpack,No Info,No Info,A,63
579,Salvatore Nikolaus,Montana,Blue round-shaped duffle bag,ID2287,3/29/19,5,32
540,Jaydon Senger,Hawaii,Large dark blue tote,ID9550,3/14/19,8,33
559,Hershel Cummerata,Vermont,White backpack with blue and red accents,ID4119,3/6/19,1,50
627,J!4Ana H^uynX7,Missouri,Yellow polka dot backpack,No ID,3/29/19,XII,36
222,Westley Donnelly,Idaho,Orange leather pouch,ID9838,3/1/19,8,78
648,Jamarcus Reilly,Arkansas,Yellow polka dot backpack,ID7094,3/27/19,8,33
340,Richmond Wuckert,South Dakota,Orange leather pouch,ID3218,3/14/19,2,44
658,Rod Mosciski,Tennessee,Black messenger bag with white accents,ID2785,3/13/19,5,62
511,Adolf Price,Maryland,Blue round-shaped duffle bag,ID1361,3/3/19,4,55
626,Ms. Juanita Hoppe,12 Kennedy Drive,Large dark blue tote,"I""D.8A/76",3/5/19,"""""",38
341,Miss Theresa Ratke,Kansas,White and pink striped pouch,ID0527,3/8/19,6,87
91,Kaley Dibbert,South Carolina,Plain blue backpack,ID6578,3/9/19,4,70
774,Mr. Elian D'Amore,Wyoming,Orange leather pouch,ID1050,3/20/19,4,52
544,Dr. Kira Thompson,New York,Black leather pouch,ID3419,3/29/19,4,71
302,Dr. Joan Gottlieb,Kansas,Heather grey messenger bag,ID2625,3/4/19,5,35
79,Rickie Koch,New Jersey,Black rolling travel bag,ID1146,3/22/19,4,27
59,Dino Jakubowski,Kentucky,Black rolling travel bag,ID4307,3/29/19,1,51
532,Marianna Bayer,Alabama,Black duffle bag with tan straps,ID5078,3/25/19,2,64
275,Filomena Pacocha,Montana,Black duffle bag with tan straps,ID4515,3/24/19,4,58
943,Nichole Bernhard,Hawaii,Large dark blue tote,ID0963,3/14/19,5,29
227,Alfonso Price,Maine,Orange leather pouch,ID6193,3/14/19,8,60
935,Terence McCullough,Wyoming,White duffle bag,ID3792,3/8/19,3,89
526,Jermey Renner,West Virginia,White and pink striped pouch,ID4358,3/10/19,3,84
498,Norris Connelly,Utah,White duffle bag,ID9643,3/9/19,4,59
402,Elvis Cronin,Montana,Heather grey pouch with black polka dots,ID6928,3/16/19,7,26
739,Laurel Walter,Mississippi,Dark grey flat backpack,ID9909,3/3/19,3,48
148,Clinton Ortiz,New Mexico,Heather grey messenger bag,ID8878,3/30/19,6,40
11,Mr. Brain Jakubowski,Utah,Yellow polka dot backpack,ID6390,3/11/19,2,55
4,Rosina Barrows III,Nebraska,White and pink striped pouch,ID1276,3/24/19,6,41
134,Cleve Kutch,Ohio,Yellow polka dot backpack,ID5358,3/26/19,8,34
240,Mrs. Kevon Prohaska,Arkansas,Heather grey pouch with black polka dots,ID8788,3/14/19,8,57
482,Ms. Evalyn Schimmel,Texas,White duffle bag,ID5400,3/12/19,6,78
434,Johnny Breitenberg,Iowa,Orange leather pouch,ID8738,3/15/19,4,90
549,Wade Howell I,Nebraska,Dark grey flat backpack,ID4715,3/19/19,4,61
23,Emely Heller,Indiana,Orange leather pouch,ID8339,3/12/19,8,71
37,Keon Johnston,Virginia,Large baby blue tote,ID6893,3/8/19,5,62
295,Oma Lemke,North Dakota,Yellow polka dot backpack,ID8804,3/28/19,7,81
228,Giuseppe Bergstrom,North Carolina,Black duffle bag with tan straps,ID5593,3/5/19,6,77
713,Payton Blanda,Florida,White tote with a blue beach pattern,ID0337,3/7/19,7,65
980,Guiseppe D'Amore,Rhode Island,Dark grey flat backpack,ID6758,3/30/19,8,86
902,Rebeka Watsica II,Florida,Blue round-shaped duffle bag,ID1827,3/16/19,8,79
119,Terrance Glover,Alabama,Blue round-shaped duffle bag,ID7060,3/7/19,5,27
144,Chase Tromp,Connecticut,Pink tote with blue straps and a floral pattern,ID7170,3/16/19,5,61
661,Agustin Kub,Virginia,White backpack with blue and red accents,ID3381,3/13/19,3,78
220,Mr. Roy Oberbrunner,Idaho,Blue round-shaped duffle bag,ID8974,3/29/19,5,61
580,Odell Lindgren,Colorado,Large baby blue tote,ID7907,3/6/19,7,64
933,Ramon Hilpert,Montana,Black messenger bag with white accents,ID6512,3/1/19,1,45
907,Matteo Gerhold,Florida,Heather grey messenger bag,ID3598,3/9/19,3,63
201,Bobby Huel,Iowa,Black rolling travel bag,ID6091,3/4/19,3,35
114,Schuyler Schoen IV,Florida,Heather grey pouch with black polka dots,ID0731,3/13/19,2,48
966,Curt Torphy PhD,New Hampshire,Plain blue backpack,ID1567,3/9/19,3,78
523,Alverta Feest,Utah,White and pink striped pouch,ID9906,3/14/19,5,90
982,Ellis Welch,Rhode Island,Black duffle bag with tan straps,ID8360,3/21/19,3,41
93,Violette Monahan V,Arizona,Orange leather pouch,ID0474,3/6/19,5,40
229,Minnie Mosciski,Maryland,Large baby blue tote,ID7039,3/17/19,7,64
309,Marcel Nikolaus Jr.,Connecticut,Blue rolling travel bag,ID7225,3/8/19,3,31
789,Velma Legros MD,Idaho,Dark grey flat backpack,ID7295,3/26/19,8,46
480,Ms. Nettie Hudson,Louisiana,White tote with a blue beach pattern,ID6050,3/10/19,5,66
749,Ms. Forrest Kovacek,Illinois,Black rolling travel bag,ID2186,3/30/19,7,45
94,Arvilla Hauck,Montana,Heather grey messenger bag,ID6386,3/4/19,8,34
253,Quincy Powlowski IV,Texas,Dark grey flat backpack,ID3447,3/8/19,1,61
953,Vincenzo McCullough,New Jersey,Orange leather pouch,ID2417,3/17/19,1,45
496,Sheridan Botsford,North Dakota,Blue rolling travel bag,ID0943,3/13/19,3,75
978,Shea Mosciski,Wyoming,White and pink striped pouch,ID4219,3/1/19,6,79
319,Lela Herzog,New Mexico,Black messenger bag with white accents,ID1502,3/4/19,2,35
495,Alverta Wilderman MD,Alaska,Large dark blue tote,ID9565,3/18/19,6,68
542,Camron Crooks,Arizona,Black duffle bag with tan straps,ID7449,3/8/19,4,58
905,Everardo Harris Sr.,Utah,Large baby blue tote,ID6762,3/1/19,8,50
631,Chelsea Weissnat Sr.,New York,White tote with a blue beach pattern,ID4076,3/14/19,6,60
223,Keon Gleason IV,Texas,White and pink striped pouch,ID8237,3/4/19,1,87
442,Mr. Missouri Howell,Colorado,Yellow polka dot backpack,ID2222,3/2/19,8,84
282,Juana Marquardt,Illinois,Plain blue backpack,ID4744,3/7/19,3,70
673,Jaylin Raynor IV,Michigan,Large dark blue tote,ID5285,3/14/19,6,56
968,Mrs. Tommie Schamberger,Idaho,White duffle bag,ID8816,3/19/19,1,53
634,Miss Deion Heathcote,Vermont,Heather grey pouch with black polka dots,ID7403,3/21/19,5,84
762,Tessie Senger,North Dakota,Large baby blue tote,ID2696,3/18/19,2,56
451,Alejandrin Littel,Alabama,Pink tote with blue straps and a floral pattern,ID1649,Alabama,4,77
404,Mr. Frida Barrows,Wyoming,White and pink striped pouch,ID9975,3/22/19,1,39
875,Arden Wolf Sr.,Arizona,White backpack with blue and red accents,ID5086,3/25/19,8,90
863,Mrs. Randi Ritchie,Rhode Island,Large dark blue tote,ID1436,3/14/19,2,82
281,Miss Reggie Waelchi,Minnesota,Pink tote with blue straps and a floral pattern,ID4543,3/14/19,7,29
993,Ms. Polly Cartwright,Connecticut,White duffle bag,ID5589,3/1/19,7,90
939,Dagmar Rau,Georgia,Pink tote with blue straps and a floral pattern,ID5370,3/29/19,5,32
764,Colby Fisher,North Dakota,Black duffle bag with tan straps,ID7231,3/18/19,8,56
957,Mrs. Manley Jaskolski,Mississippi,Heather grey messenger bag,ID2641,3/19/19,2,64
339,Pete Daugherty,Hawaii,Yellow polka dot backpack,ID2521,3/7/19,7,42
488,Braden Renner I,Minnesota,Black rolling travel bag,ID8071,3/5/19,5,31
244,Dr. Jordyn Dicki,Virginia,Black leather pouch,ID7295,3/28/19,2,38
110,Mr. Dora Jacobs,New Hampshire,Black messenger bag with white accents,ID6667,3/30/19,5,70
811,Keenan Dibbert II,Rhode Island,Heather grey pouch with black polka dots,ID3426,3/24/19,1,82
450,Anabelle Schmidt DVM,Massachusetts,White duffle bag,ID0261,3/14/19,7,62
170,Braxton Krajcik,Wyoming,Large dark blue tote,ID8214,3/10/19,5,80
727,Miss Eula Beier,Ohio,Blue rolling travel bag,ID3470,3/24/19,6,42
267,Terry Gleichner,New Jersey,White and pink striped pouch,ID9430,3/28/19,6,82
643,Wade Volkman,Idaho,Blue rolling travel bag,ID6416,3/22/19,1,49
248,Jada Maggio,Colorado,Dark grey flat backpack,ID8960,3/3/19,6,75
851,Lorine Cartwright,South Carolina,Black duffle bag with tan straps,ID8453,3/30/19,5,62
670,Verner Bogan,Utah,Blue round-shaped duffle bag,111111,3/25/19,111111,44
974,Lelia Klein,Florida,White and pink striped pouch,No ID,3/2/19,1,30
598,Ms. Clotilde Romaguera,California,White backpack with blue and red accents,ID8374,3/29/19,3,48
750,Deshaun Rath,Minnesota,White backpack with blue and red accents,ID7239,3/21/19,8,63
431,Luis Connelly,Rhode Island,Large baby blue tote,ID3156,3/1/19,1,73
650,Telly Weissnat,S. Iona Rd.,Plain blue backpack,ID3618,3/19/19,2,57
995,Alisa Hilll,Nevada,Black rolling travel bag,ID3670,3/15/19,4,69
746,Telly Luettgen,Idaho,White rolling travel bag,ID7686,3/14/19,4,86
659,Dallas Steuber,Oklahoma,Black messenger bag with white accents,ID2662,3/21/19,7,78
873,Lukas Purdy,Virginia,Plain blue backpack,ID8998,3/4/19,6,74
653,Ray Hane,Virginia,Blue rolling travel bag,ID1487,3/18/19,2,76
893,Lawson Wehner,Mississippi,White rolling travel bag,ID7091,3/2/19,7,27
293,Roslyn Becker,New York,Small dark blue messenger bag,ID7137,3/1/19,1,67
421,Shaylee Shanahan PhD,Wisconsin,Heather grey pouch with black polka dots,ID8674,3/17/19,2,80
460,Willis Wyman,Mississippi,White duffle bag,ID1907,2/2/16,2,2/2/16
845,Hulda Langworth,Colorado,Blue rolling travel bag,ID3621,3/27/19,4,88
306,Rolando Runolfsdottir,New Mexico,White and pink striped pouch,ID3316,3/21/19,4,68
651,Neva Wolff,New Hampshire,Large dark blue tote,ID5828,3/21/19,1,59
153,Julianne Corwin Sr.,Iowa,Black leather pouch,ID6270,3/30/19,4,69
195,Elmore Kassulke,Maine,Large baby blue tote,ID8320,3/3/19,1,59
992,Emma Kovacek,Delaware,Yellow polka dot backpack,ID9970,3/19/19,1,54
797,Nicolette Murray,Connecticut,Black messenger bag with white accents,ID2517,3/17/19,7,34
278,Verna Huels MD,Washington,Black leather pouch,ID0865,3/18/19,4,85
703,Layla Anderson Jr.,Michigan,Heather grey messenger bag,ID5740,3/12/19,8,55
882,Efren Terry,1230 South Rd.,Heather grey pouch with black polka dots,ID8785,3/6/15,4,53
377,Luella Crist,Colorado,White backpack with blue and red accents,ID3999,3/7/19,3,75
178,Doug Hartmann,South Carolina,Yellow polka dot backpack,ID0451,3/30/19,1,45
890,Miss Lesley Emmerich,Wisconsin,Heather grey messenger bag,ID3724,3/25/19,5,82
998,Ms. Zella Langosh,Utah,Large baby blue tote,ID0354,3/4/19,2,66
929,Kory Hyatt,Colorado,Large dark blue tote,ID6618,3/11/19,2,46
374,Sunny Satterfield,Arizona,Orange leather pouch,ID5878,3/11/19,8,32
931,Halle Kovacek,Colorado,White and pink striped pouch,ID3448,3/21/19,8,74
932,Monte Stokes,Maryland,Black messenger bag with white accents,ID9638,3/26/19,2,45
473,Miss Alexandrea Abernathy,Oregon,Yellow polka dot backpack,ID6189,3/7/19,6,33
379,Karen Wisoky,Rhode Island,Heather grey messenger bag,ID0159,3/6/19,3,88
352,Beatrice Stokes,Nebraska,Small dark blue messenger bag,ID9613,3/22/19,8,85
123,Kianna Zulauf V,Wisconsin,Heather grey messenger bag,ID2612,3/4/19,8,79
192,Jeremie Emmerich,Idaho,Pink tote with blue straps and a floral pattern,ID2644,3/20/19,4,83
768,Miss Gerson Friesen,South Dakota,Small dark blue messenger bag,ID0994,3/10/19,4,49
447,Cale Zulauf,New Hampshire,Orange leather pouch,ID7645,3/9/19,4,90
197,Shany Kunde,Hawaii,White rolling travel bag,ID4428,3/19/19,1,74
639,Dr. Korey Jaskolski,Utah,Blue rolling travel bag,ID0887,3/19/19,2,68
704,Adolph Schmeler,Illinois,Yellow polka dot backpack,ID8279,3/8/19,1,25
723,Mrs. Vivienne Klein,Georgia,White and pink striped pouch,ID2833,3/19/19,3,57
705,Araceli Deckow I,South Carolina,White duffle bag,ID7359,3/6/19,2,34
359,Mrs. Geo Fritsch,Florida,White backpack with blue and red accents,ID3623,3/15/19,4,44
425,Miss Camryn Reynolds,Alaska,Black leather pouch,ID3617,3/27/19,8,82
860,Shaylee Heaney,South Dakota,Large dark blue tote,ID4432,3/20/19,7,81
662,Mark Jerde,Louisiana,White backpack with blue and red accents,ID9155,3/16/19,3,76
561,Marcelle Nikolaus,Virginia,White tote with a blue beach pattern,ID1572,3/20/19,6,70
866,Flavie Ratke,Tennessee,Heather grey pouch with black polka dots,ID7429,14/13/19,6,88
323,Lexus Schiller DVM,Louisiana,White duffle bag,ID5256,3/23/19,5,68
504,America Gusikowski,Illinois,Black rolling travel bag,ID9833,3/22/19,5,67
871,Giuseppe Will,Washington,Black leather pouch,ID0312,3/7/19,1,65
956,Helene Lang II,Oregon,Large dark blue tote,ID4574,3/21/19,3,55
961,Noble Kuhn,Wyoming,Heather grey pouch with black polka dots,ID1638,3/17/19,1,39
635,Giles Grant,California,Small dark blue messenger bag,ID4759,3/22/19,7,87
183,Grace Metz,Wyoming,Black duffle bag with tan straps,ID6586,3/30/19,3,74
730,Clotilde Ankunding,Arkansas,Blue rolling travel bag,ID1480,3/19/19,2,43
904,Anna Mills,Missouri,Black messenger bag with white accents,ID4749,3/12/19,6,37
130,Mario Keebler,Wyoming,Black duffle bag with tan straps,ID3236,3/24/19,8,87
554,Mrs. Breanna Tillman,Maryland,Black leather pouch,ID2153,3/21/19,8,78
225,Darren Kozey Sr.,Maine,Yellow polka dot backpack,ID2506,3/19/19,7,44
380,Lynn Blick,Maine,White duffle bag,ID5799,3/25/19,8,26
743,Kurt Sauer,Alaska,Small dark blue messenger bag,ID3885,3/22/19,6,90
722,Miss Magnus Casper,Wyoming,Blue rolling travel bag,ID2798,3/12/19,6,25
317,Max McLaughlin,Nebraska,Black leather pouch,ID2383,3/26/19,1,82
491,Dawson Hauck II,South Dakota,Orange leather pouch,ID4783,3/27/19,3,59
769,Dante Carter,New York,Heather grey messenger bag,ID8865,3/9/19,3,57
384,Alfred Beatty,Wisconsin,Blue rolling travel bag,ID7683,3/13/19,2,50
254,Damaris Sipes,Wisconsin,White duffle bag,ID4739,3/6/19,3,76
700,Shirley Little,West Virginia,White rolling travel bag,ID3379,3/14/19,3,62
55,Howard Nicolas II,Oregon,White and pink striped pouch,Orgeon,3/17/19,8,74
930,Theo Pagac,Illinois,Black messenger bag with white accents,ID8584,3/3/19,4,47
828,Jairo Bogisich Jr.,Minnesota,Large dark blue tote,ID7301,3/18/19,4,41
562,Hallie Okuneva,Georgia,White and pink striped pouch,ID5162,3/29/19,5,52
69,Armand Gutmann,Nevada,Orange leather pouch,ID1133,3/4/19,1,26
515,Rico Hessel DDS,Colorado,White duffle bag,ID0174,3/13/19,2,42
285,Eileen Gottlieb,Minnesota,Blue rolling travel bag,ID0792,3/30/19,3,83
54,Travon Cassin PhD,Illinois,White duffle bag,ID3670,3/20/19,4,73
98,Arch Nikolaus,Ohio,Orange leather pouch,ID9307,3/17/19,6,78
147,Golden Cormier,Wisconsin,Yellow polka dot backpack,ID2523,3/8/19,7,89
683,Kacey Schinner PhD,West Virginia,White backpack with blue and red accents,ID7374,3/18/19,1,75
681,Rylan Tromp PhD,Connecticut,White and pink striped pouch,ID3342,3/16/19,7,47
458,Mable Feeney Jr.,Montana,Plain blue backpack,ID0243,3/2/19,1,47
218,Kaitlyn Buckridge PhD,Massachusetts,Heather grey messenger bag,ID6085,3/11/19,5,27
388,Bryce Aufderhar DDS,Rhode Island,Heather grey messenger bag,ID4085,3/11/19,4,52
238,Katelynn Lang Jr.,Pennsylvania,White backpack with blue and red accents,ID2749,3/18/19,7,25
62,Arch Brakus,North Carolina,Small dark blue messenger bag,ID8367,3/4/19,7,43
587,Estefania Purdy,Missouri,Large dark blue tote,ID2405,3/15/19,3,77
137,Lavern Miller MD,New Hampshire,Dark grey flat backpack,ID8851,3/12/19,8,74
315,Kaleb Thompson,Oklahoma,White backpack with blue and red accents,ID2639,3/13/19,8,35
767,Ricardo Huels,Illinois,White and pink striped pouch,ID7167,3/27/19,6,30
224,Alexandra Sauer,Colorado,Large baby blue tote,ID0459,3/12/19,2,86
927,Lia Durgan II,Montana,Large dark blue tote,ID8601,3/16/19,4,27
264,Elmo Ankunding,Minnesota,White tote with a blue beach pattern,ID0285,3/10/19,1,60
877,Vladimir Robel,Wisconsin,Large baby blue tote,ID2653,3/2/19,8,41
163,Karolann Hills Jr.,Michigan,Small dark blue messenger bag,ID2258,3/12/19,3,34
938,Marion Blanda,Utah,Black leather pouch,ID1576,3/9/19,4,73
513,Ms. Izabella Denesik,Tennessee,Black leather pouch,ID2901,3/18/19,6,31
671,Breanne Schmitt,Wyoming,Orange leather pouch,ID2685,123456,-1,39
674,Tillman Hermiston,Oklahoma,Dark grey flat backpack,ID6866,3/20/19,5,72
72,Name Koelpin,Illinois,Dark grey flat backpack,ID4525,3/16/19,1,82
847,Kyra Koelpin,Georgia,Black duffle bag with tan straps,ID4029,3/19/19,1,46
548,Kariane Lind,Maine,White tote with a blue beach pattern,ID0331,3/9/19,2,32
870,Mrs. Jose White,Tennessee,Blue round-shaped duffle bag,ID9678,3/12/19,8,32
145,Mr. Micheal Dach,Texas,Blue rolling travel bag,ID4572,3/27/19,2,39
471,Nayeli Gleason,Louisiana,Blue round-shaped duffle bag,ID5544,3/3/19,6,65
547,Claudia Langosh II,West Virginia,Large dark blue tote,ID0100,3/9/19,7,62
857,Nathanael Glover,Nebraska,Orange leather pouch,ID2316,3/3/19,1,30
521,Elisha Kohler,Connecticut,White rolling travel bag,ID1189,3/15/19,6,34
468,Alverta Jacobson,New Hampshire,Black duffle bag with tan straps,ID8464,3/8/19,7,27
761,Felipe Kerluke,Arkansas,Black messenger bag with white accents,ID9119,3/6/19,1,35
508,Ms. Bethany Wyman,State Drive,White rolling travel bag,ID9843,12/30/08,1,42
470,Casey Goyette,Wyoming,Blue round-shaped duffle bag,ID8582,3/21/19,5,65
632,Mrs. Cassie Watsica,Florida,Small dark blue messenger bag,ID1547,3/15/19,7,27
490,Lonnie Luettgen PhD,New Mexico,Large dark blue tote,ID3911,3/9/19,3,70
799,Hettie Nicolas,Rhode Island,Heather grey messenger bag,ID3554,3/5/19,6,54
151,Gabrielle Dicki,Washington,Black leather pouch,ID4284,3/2/19,4,45
753,Monique Yundt,Arkansas,Orange leather pouch,ID9544,3/5/19,8,37
649,Jaycee Reichel,West Virginia,White duffle bag,ID1905,3/18/19,3,82
787,Mrs. Shaniya Feest,Ohio,White tote with a blue beach pattern,ID2796,3/22/19,8,36
387,Tobin Feil IV,Montana,Orange leather pouch,ID0354,3/10/19,5,47
413,Mr. Veda Runte,Missouri,Yellow polka dot backpack,ID9777,3/9/19,1,69
918,Noemy McLaughlin,West Virginia,Large baby blue tote,ID0824,3/21/19,4,27
962,Ms. Elisa Block,Utah,Orange leather pouch,ID2738,3/18/19,4,29
936,Dr. Euna Crist,Mississippi,Dark grey flat backpack,ID0327,3/9/19,5,63
189,Efren Connelly,Virginia,Black leather pouch,ID8343,3/22/19,7,30
721,Mr. Kenny Reichel,South Carolina,White tote with a blue beach pattern,ID9699,3/14/19,6,37
867,Mr. Rosella Wilkinson,Missouri,White tote with a blue beach pattern,ID4962,3/18/19,5,71
452,Asa Howell,Louisiana,Black messenger bag with white accents,ID2928,3/14/19,6,68
589,Francis Goyette,Arkansas,Yellow polka dot backpack,ID7080,3/10/19,7,36
915,Lazaro Sipes,Tennessee,Blue round-shaped duffle bag,ID4480,31817,1,34
667,Geovanny Becker,Montana,Black rolling travel bag,ID3474,3/28/19,8,62
375,Kacey Considine MD,New York,Small dark blue messenger bag,ID2840,3/21/19,3,30
68,Mario Stamm,Virginia,Plain blue backpack,ID9547,3/14/19,7,46
52,Dr. Golda Fadel,South Dakota,Black rolling travel bag,ID0695,3/7/19,7,63
31,Bernice Considine,Nebraska,Black rolling travel bag,ID7194,3/2/19,4,37
241,Laila Leuschke,Idaho,White and pink striped pouch,ID6163,3/10/19,2,46
50,Jazmyne Keeling IV,Missouri,Large dark blue tote,ID9695,3/16/19,8,50
365,Ms. Tracey Simonis,Louisiana,Orange leather pouch,ID5570,3/30/19,8,82
397,South Carolina,New Jersey,Black duffle bag with tan straps,ID5935,3/1/19,2,-71
270,Deja Upton,Kansas,Black messenger bag with white accents,ID3755,3/26/19,8,39
844,Nettie Cronin,West Virginia,White duffle bag,ID7662,3/18/19,1,40
276,Herminia Parisian,North Carolina,Yellow polka dot backpack,ID9677,3/23/19,4,32
289,Isom Thiel,West Virginia,White rolling travel bag,ID7213,3/24/19,6,34
527,Marie Witting,California,Pink tote with blue straps and a floral pattern,ID1669,3/1/19,8,38
143,Dario Barrows,New Mexico,Blue rolling travel bag,ID8494,3/10/19,2,40
95,Miss Loyce Rice,California,Black messenger bag with white accents,ID8887,3/13/19,6,74
494,Brenden Wuckert MD,Louisiana,White tote with a blue beach pattern,0,3/2/19,5,494
412,Mrs. Miguel Greenfelder,Oregon,White duffle bag,ID5633,3/17/19,3,89
660,Deon Wilderman,Ohio,White backpack with blue and red accents,ID2393,3/12/19,2,84
131,Wilburn Feil,West Virginia,White and pink striped pouch,ID7418,3/19/19,4,57
937,Amalia Zemlak,Arizona,White tote with a blue beach pattern,ID5508,3/30/19,3,80
533,Garnett Hermiston II,Illinois,Black duffle bag with tan straps,ID2228,3/22/19,2,37
330,Barbara Barrows,Oklahoma,White rolling travel bag,ID6864,3/3/19,8,85
718,Mrs. Meta O'Connell,Texas,Large baby blue tote,ID3786,3/12/19,7,60
135,Trey Bednar,West Virginia,White tote with a blue beach pattern,ID5475,3/22/19,3,75
109,Mr. Jameson Kuvalis,Maine,Large dark blue tote,ID0181,3/28/19,6,62
646,Ms. Johnathan Schulist,New York,Yellow polka dot backpack,ID7088,3/20/19,1,26
550,Georgianna Kutch,Virginia,Heather grey pouch with black polka dots,ID7356,3/29/19,6,44
815,Mrs. Elmore Schmidt,Vermont,White and pink striped pouch,ID1036,3/22/19,7,35
594,Ralph Hammes,Nevada,White backpack with blue and red accents,ID5981,3/1/19,7,84
921,Dorian Langworth II,Kansas,Blue rolling travel bag,ID4815,3/21/19,2,73
65,Lulu Schmeler,Michigan,Heather grey messenger bag,ID0117,3/20/19,2,60